Class II SMG-2-copurifying mRNAs	Gene ID	Log2 Fold Change N2 v NMD(-)	Log2 Fold Change IP in smg-1(-) v Input from smg-1(-)	Log2 Fold Change IP in smg-1(-) v Neg. Ctl. IP in smg-1(-) smg-2(-) 
WBGene00001767	gst-19	-2.55	1.84	2.34
WBGene00016866	coel-1	-2.17	1.67	2.17
WBGene00019961	R08E5.1	-1.70	2.59	2.47
WBGene00007723	C25F9.2	-1.66	2.91	2.96
WBGene00235164	K09F6.13	-1.50	1.33	1.55
WBGene00010931	M162.5	-1.39	3.84	3.24
WBGene00000562	cng-1	-1.32	2.96	2.45
WBGene00008447	E01G4.5	-1.27	1.98	1.48
WBGene00003647	nhr-57	-1.19	1.65	1.76
WBGene00007919	C34C6.7	-1.12	2.08	2.30
WBGene00018384	F43C11.7	-0.88	2.75	3.53
WBGene00008027	scl-5	-0.76	2.07	2.55
WBGene00013844	fbxa-50	-0.74	2.72	2.33
WBGene00000723	col-150	-0.74	3.06	2.61
WBGene00012969	Y48A6B.8	-0.71	2.25	1.82
WBGene00008886	F16C3.2	-0.63	1.86	1.49
WBGene00013666	Y105E8A.1	-0.61	2.55	2.98
WBGene00012688	Y39B6A.29	-0.60	2.43	1.76
WBGene00015355	C02F12.5	-0.59	2.49	2.58
WBGene00015250	B0546.3	-0.57	1.94	1.56
WBGene00001992	hot-7	-0.51	1.75	1.87
WBGene00011195	sao-1	-0.48	1.12	1.15
WBGene00012911	acl-7	-0.47	1.83	1.19
WBGene00001955	hlh-11	-0.46	1.35	1.27
WBGene00019649	K11D12.9	-0.44	2.00	1.81
WBGene00009334	F32D8.12	-0.43	1.75	1.36
WBGene00012596	nhr-234	-0.42	2.66	2.58
WBGene00017304	F09F7.7	-0.41	1.23	1.34
WBGene00021894	Y54G2A.32	-0.41	1.39	1.60
WBGene00003528	nas-9	-0.40	3.98	1.86
WBGene00009291	clec-264	-0.39	1.32	1.65
WBGene00000503	cht-1	-0.39	1.07	1.62
WBGene00006886	vap-1	-0.38	1.82	1.67
WBGene00007067	4R79.2	-0.38	1.93	1.57
WBGene00016415	ampd-1	-0.38	1.44	1.24
WBGene00010731	K10C3.4	-0.37	1.43	1.18
WBGene00044901	Y41G9A.10	-0.37	2.31	2.68
WBGene00220019	K10D3.10	-0.36	1.23	1.20
WBGene00001596	gld-2	-0.35	1.21	1.17
WBGene00010480	K01G5.9	-0.35	1.49	1.33
WBGene00016115	mdt-26	-0.34	1.25	1.11
WBGene00001681	gpc-1	-0.34	1.10	1.90
WBGene00015710	C12D5.9	-0.34	1.66	1.49
WBGene00018763	F53F10.1	-0.33	1.78	2.05
WBGene00018639	tbc-16	-0.33	1.28	1.55
WBGene00008307	ncs-5	-0.32	1.86	1.63
WBGene00220246	ZK858.10	-0.31	1.82	1.34
WBGene00022610	ZC416.6	-0.31	1.90	1.55
WBGene00015268	BE0003N10.3	-0.31	2.38	1.81
WBGene00000952	del-1	-0.31	1.50	1.40
WBGene00013445	Y66D12A.19	-0.31	1.82	1.51
WBGene00009453	F36A2.3	-0.30	2.10	1.72
WBGene00003674	nhr-84	-0.29	2.30	1.76
WBGene00044253	M117.6	-0.29	1.47	1.46
WBGene00010664	dbn-1	-0.29	1.38	1.17
WBGene00010768	K11D2.1	-0.28	1.93	1.83
WBGene00010477	enu-3.6	-0.28	1.09	1.31
WBGene00045053	K12C11.7	-0.28	1.94	1.84
WBGene00017714	F22F1.2	-0.28	1.43	1.65
WBGene00219423	C23H5.15	-0.27	3.59	2.48
WBGene00007331	pho-11	-0.27	1.32	1.37
WBGene00044760	Y71H2AM.25	-0.26	2.19	2.03
WBGene00015225	B0507.8	-0.26	1.84	2.15
WBGene00009886	F49E2.2	-0.26	1.38	1.31
WBGene00003590	nex-3	-0.26	1.91	1.52
WBGene00044484	hot-9	-0.26	1.27	1.32
WBGene00022310	Y77E11A.7	-0.25	1.33	1.29
WBGene00001796	gtl-2	-0.25	2.92	2.29
WBGene00016739	pitr-1	-0.24	1.80	1.74
WBGene00013443	such-1	-0.24	1.18	1.25
WBGene00001449	flp-6	-0.24	1.07	1.11
WBGene00011745	sre-4	-0.23	1.69	1.79
WBGene00004006	pgp-12	-0.23	1.47	1.35
WBGene00003794	npp-8	-0.21	1.17	1.04
WBGene00011869	dod-6	-0.20	1.21	1.11
WBGene00008507	F01G10.4	-0.20	2.15	3.35
WBGene00010631	cash-1	-0.20	1.40	1.04
WBGene00000774	cpf-2	-0.19	1.76	1.52
WBGene00018742	F53B3.3	-0.19	2.07	1.36
WBGene00021269	Y23H5A.2	-0.18	1.84	1.92
WBGene00021721	Y49F6B.9	-0.18	1.22	1.54
WBGene00016879	C52D10.12	-0.18	1.35	1.50
WBGene00012819	Y43F8B.9	-0.18	1.77	1.78
WBGene00021564	Y45G12B.3	-0.18	1.08	1.33
WBGene00020801	T25D10.4	-0.18	1.46	1.52
WBGene00012474	attf-6	-0.18	1.46	1.12
WBGene00015488	C05D11.13	-0.17	1.79	1.41
WBGene00000935	daz-1	-0.17	1.20	1.39
WBGene00017205	F07C4.12	-0.17	2.55	2.13
WBGene00003720	nhr-130	-0.17	1.56	1.49
WBGene00003617	nhr-18	-0.17	2.65	2.30
WBGene00000692	col-118	-0.17	1.29	1.36
WBGene00012700	Y39B6A.42	-0.17	1.10	1.49
WBGene00013164	Y53F4B.18	-0.16	2.22	2.06
WBGene00019351	lron-7	-0.16	1.34	1.09
WBGene00010161	F56G4.6	-0.16	1.48	1.44
WBGene00003471	mtd-1	-0.16	1.87	1.78
WBGene00020368	ast-1	-0.15	1.88	1.47
WBGene00006464	bath-47	-0.15	2.21	1.43
WBGene00016958	ilys-4	-0.15	1.69	1.65
WBGene00021047	zfp-3	-0.15	2.12	2.15
WBGene00000768	cor-1	-0.14	1.28	1.30
WBGene00010215	nhr-193	-0.14	1.77	2.00
WBGene00022363	Y92H12BL.1	-0.14	1.18	1.58
WBGene00019664	K11H12.8	-0.14	1.56	1.72
WBGene00007347	C05G5.1	-0.14	1.47	1.22
WBGene00000531	clh-4	-0.13	1.30	1.33
WBGene00021882	Y54G2A.17	-0.13	1.91	1.92
WBGene00016538	C39F7.1	-0.13	1.69	1.85
WBGene00006743	unc-3	-0.13	2.13	1.95
WBGene00018064	cdc-73	-0.13	1.31	1.33
WBGene00019749	M03A8.3	-0.13	1.77	1.31
WBGene00012978	Y48B6A.1	-0.12	1.72	1.61
WBGene00011682	snt-7	-0.12	2.27	1.76
WBGene00007132	B0284.2	-0.12	1.81	1.53
WBGene00020407	chil-24	-0.12	1.73	1.70
WBGene00003246	mig-14	-0.12	1.59	1.25
WBGene00019792	M116.5	-0.12	2.11	1.87
WBGene00022203	Y73B3A.1	-0.12	1.56	1.56
WBGene00012252	W04E12.7	-0.11	1.69	1.43
WBGene00010054	F54D5.11	-0.11	1.04	1.03
WBGene00018078	F35H12.6	-0.11	1.95	1.76
WBGene00009173	prom-1	-0.11	1.55	1.25
WBGene00011409	T04A8.7	-0.11	1.70	1.15
WBGene00021365	smgl-2	-0.10	1.92	1.92
WBGene00012330	zip-3	-0.10	1.36	1.27
WBGene00014123	elpc-3	-0.10	1.87	1.73
WBGene00022519	ZC123.4	-0.10	1.05	1.24
WBGene00006318	sup-9	-0.10	1.19	1.39
WBGene00000637	col-61	-0.10	1.41	1.55
WBGene00018966	F56D2.5	-0.10	1.91	1.59
WBGene00000146	ape-1	-0.10	1.77	1.53
WBGene00010063	dhrs-4	-0.09	1.69	1.33
WBGene00013447	nars-2	-0.09	1.22	1.07
WBGene00004297	rad-51	-0.09	1.31	1.33
WBGene00000382	cdc-6	-0.09	1.42	1.08
WBGene00018809	F54D10.8	-0.09	1.22	2.47
WBGene00001989	hot-4	-0.09	1.64	1.81
WBGene00013030	Y49E10.4	-0.09	1.64	1.69
WBGene00017268	hmgr-1	-0.09	1.77	1.43
WBGene00012695	Y39B6A.37	-0.08	1.29	1.19
WBGene00003607	nhr-8	-0.08	1.77	1.50
WBGene00008760	F13E9.11	-0.08	1.67	1.20
WBGene00003802	npp-16	-0.08	1.17	1.14
WBGene00014176	ZK1010.2	-0.08	1.39	1.38
WBGene00206487	best-19	-0.08	1.59	1.25
WBGene00006387	taf-6.1	-0.08	1.16	1.26
WBGene00000112	alh-6	-0.08	2.04	1.75
WBGene00011644	T09B9.3	-0.07	1.92	2.00
WBGene00016015	C23G10.8	-0.07	1.55	1.44
WBGene00016652	got-2.1	-0.07	1.15	1.14
WBGene00006823	unc-94	-0.07	1.39	1.34
WBGene00011101	R07D5.2	-0.07	1.61	1.95
WBGene00003936	pat-12	-0.07	2.00	1.91
WBGene00000933	dap-3	-0.06	1.16	1.15
WBGene00003220	mes-2	-0.06	1.12	1.03
WBGene00004405	rop-1	-0.06	2.98	2.33
WBGene00012565	fbxa-210	-0.06	1.41	1.30
WBGene00011075	R07A4.4	-0.06	1.12	1.57
WBGene00016601	acin-1	-0.06	1.50	1.63
WBGene00002069	ikb-1	-0.06	1.17	1.26
WBGene00004726	sas-4	-0.06	1.47	1.10
WBGene00020861	T27E4.1	-0.06	1.60	1.73
WBGene00006818	unc-86	-0.06	1.92	1.99
WBGene00000989	dhs-26	-0.06	1.44	1.94
WBGene00010840	M03C11.3	-0.05	3.18	2.57
WBGene00015536	glb-2	-0.05	2.92	2.83
WBGene00012995	Y48C3A.14	-0.05	1.34	1.38
WBGene00001057	dpf-4	-0.05	1.29	1.01
WBGene00022130	Y71F9B.9	-0.05	2.14	2.77
WBGene00017342	F10D7.5	-0.05	1.68	1.43
WBGene00019872	R04E5.9	-0.05	1.90	1.92
WBGene00010585	K05C4.9	-0.05	2.24	1.89
WBGene00003654	nhr-64	-0.05	2.00	1.87
WBGene00021890	Y54G2A.26	-0.05	2.45	2.39
WBGene00001988	hot-3	-0.05	2.42	2.10
WBGene00007860	rilp-1	-0.04	1.50	1.22
WBGene00021147	W10G11.17	-0.04	1.48	1.43
WBGene00015135	cyp-23A1	-0.04	1.94	1.94
WBGene00019296	mcu-1	-0.04	1.41	1.17
WBGene00017936	F30B5.7	-0.04	1.36	1.86
WBGene00021103	eri-3	-0.04	1.49	1.48
WBGene00001345	fos-1	-0.04	1.57	1.43
WBGene00016166	C27F2.4	-0.04	1.40	1.29
WBGene00018964	F56D2.2	-0.03	1.51	1.14
WBGene00010849	M04B2.7	-0.03	1.84	1.68
WBGene00013339	phf-14	-0.03	1.44	1.09
WBGene00012692	Y39B6A.33	-0.03	2.33	2.21
WBGene00018681	denn-4	-0.03	1.46	1.59
WBGene00012458	ash-2	-0.03	1.14	1.20
WBGene00013486	egas-1	-0.03	2.42	2.19
WBGene00003994	pgl-3	-0.02	2.77	2.75
WBGene00013093	Y51H1A.2	-0.02	1.77	1.50
WBGene00020284	mel-46	-0.02	1.53	1.34
WBGene00015648	orai-1	-0.02	1.53	1.21
WBGene00018213	F39H12.2	-0.02	2.28	2.68
WBGene00013662	Y105C5B.25	-0.02	1.96	1.73
WBGene00022426	Y104H12D.2	-0.02	1.12	1.21
WBGene00011323	mut-15	-0.02	1.41	1.41
WBGene00007092	B0001.7	-0.02	1.58	1.32
WBGene00021027	W04C9.5	-0.02	2.60	2.43
WBGene00017589	F19B10.10	-0.02	1.10	1.28
WBGene00019245	sacy-1	-0.02	1.20	1.08
WBGene00015200	B0454.9	-0.01	2.11	2.10
WBGene00019092	F59A7.5	-0.01	2.71	2.59
WBGene00020196	T03G11.3	-0.01	1.74	1.72
WBGene00003815	nars-1	-0.01	1.76	1.67
WBGene00022738	ZK418.9	-0.01	1.69	1.75
WBGene00021555	Y45G5AM.2	-0.01	1.60	1.33
WBGene00021213	Y18H1A.9	-0.01	1.00	1.41
WBGene00020094	wip-1	-0.01	1.23	1.20
WBGene00007397	C07A4.2	-0.01	2.01	1.38
WBGene00009618	F41E7.2	-0.01	1.92	1.81
WBGene00009288	F31C3.6	-0.01	1.34	1.30
WBGene00013214	Y54G11A.3	-0.01	1.84	1.86
WBGene00003178	mec-17	0.00	1.40	1.39
WBGene00016142	mrps-18C	0.00	1.97	1.88
WBGene00015943	tiar-1	0.00	1.94	2.01
WBGene00010551	smg-8	0.00	2.32	2.23
WBGene00001402	fbf-2	0.00	1.27	1.12
WBGene00016500	tag-253	0.00	1.18	1.43
WBGene00008564	acox-1	0.00	1.86	1.46
WBGene00019754	M03E7.2	0.00	2.62	2.34
WBGene00015098	snpc-3.1	0.00	3.21	3.37
WBGene00013575	acs-5	0.00	1.97	1.65
WBGene00001035	dnj-17	0.00	2.13	2.25
WBGene00004337	rfc-1	0.01	1.57	1.32
WBGene00018734	F53A10.2	0.01	1.04	1.09
WBGene00008417	D2030.7	0.01	1.33	1.24
WBGene00012492	fbxb-7	0.01	1.42	1.59
WBGene00008948	F19B6.1	0.01	1.61	1.43
WBGene00009820	F47B10.9	0.01	1.93	2.44
WBGene00004896	smu-2	0.01	1.99	1.99
WBGene00000441	ceh-18	0.02	1.39	1.40
WBGene00020054	R13D7.2	0.02	1.73	1.46
WBGene00003258	cogc-1	0.02	1.83	1.99
WBGene00021377	Y37E11B.5	0.02	1.09	1.09
WBGene00011807	T16G12.6	0.02	1.28	1.21
WBGene00012375	mecr-1	0.02	1.46	1.35
WBGene00003086	lst-4	0.03	1.38	1.40
WBGene00010712	K09B11.5	0.03	1.69	2.15
WBGene00015591	cyk-7	0.03	1.25	1.24
WBGene00019731	M02D8.5	0.03	1.52	1.52
WBGene00001589	gip-1	0.03	1.62	1.64
WBGene00015897	nhr-156	0.03	2.40	1.85
WBGene00018958	F56C11.6	0.03	1.95	1.93
WBGene00007615	set-31	0.03	2.65	2.66
WBGene00012230	cacn-1	0.03	1.31	1.21
WBGene00022350	Y82E9BR.18	0.03	1.46	1.27
WBGene00010890	ddb-1	0.03	1.53	1.40
WBGene00010746	K10D11.2	0.03	2.53	3.19
WBGene00013231	Y56A3A.11	0.03	1.35	1.25
WBGene00003669	nhr-79	0.04	1.76	1.58
WBGene00011852	clec-26	0.04	2.53	1.82
WBGene00012966	exos-1	0.04	1.03	1.13
WBGene00010496	sec-12	0.04	1.24	1.19
WBGene00015786	C15B12.4	0.04	2.51	1.96
WBGene00007851	clec-245	0.04	2.35	3.03
WBGene00011597	zim-1	0.04	1.46	1.34
WBGene00012673	dyf-17	0.04	2.26	2.33
WBGene00004283	rab-33	0.04	1.61	1.69
WBGene00015462	C05C8.5	0.04	1.77	1.57
WBGene00008314	C54G4.4	0.04	1.09	1.45
WBGene00013742	Y111B2A.24	0.04	2.14	2.04
WBGene00016003	C18H9.5	0.05	2.98	2.87
WBGene00000960	dgk-3	0.05	1.64	1.57
WBGene00014668	C06C3.9	0.05	3.18	2.65
WBGene00021943	Y55F3BR.6	0.05	1.17	1.28
WBGene00013482	Y69H2.7	0.05	1.11	1.11
WBGene00003594	nft-1	0.05	1.53	1.54
WBGene00022501	ZC8.6	0.05	2.06	2.11
WBGene00001101	dsh-1	0.05	1.15	1.04
WBGene00016809	C50D2.6	0.05	1.31	1.28
WBGene00020508	T14F9.2	0.05	1.88	1.69
WBGene00021146	lgc-45	0.05	1.59	1.23
WBGene00017866	stn-2	0.05	2.03	1.85
WBGene00013550	Y75B8A.14	0.05	1.54	1.33
WBGene00000498	chk-1	0.05	2.13	1.89
WBGene00044504	R13A1.10	0.05	2.14	1.80
WBGene00013441	xpb-1	0.05	1.80	1.64
WBGene00015512	mthf-1	0.05	2.27	1.82
WBGene00009589	F40F11.4	0.05	2.13	1.82
WBGene00012608	Y38F1A.6	0.05	1.29	1.13
WBGene00010595	haao-1	0.06	1.51	1.62
WBGene00011066	ztf-15	0.06	1.59	1.46
WBGene00001373	exp-1	0.06	2.12	1.88
WBGene00011630	T08G11.3	0.06	1.86	1.93
WBGene00021560	coh-4	0.06	1.83	1.64
WBGene00013014	Y48E1C.1	0.06	1.35	1.42
WBGene00011767	T14D7.1	0.06	2.11	2.47
WBGene00220188	Y65B4A.10	0.06	1.85	2.44
WBGene00014113	hpo-40	0.06	2.00	1.85
WBGene00020092	pcf-11	0.06	1.20	1.07
WBGene00003083	lst-1	0.06	1.60	1.66
WBGene00006476	rhgf-2	0.06	1.14	1.06
WBGene00007985	swah-1	0.06	1.14	1.19
WBGene00022056	Y67D2.6	0.06	1.76	1.81
WBGene00019773	M04G7.2	0.06	2.20	2.49
WBGene00004129	pqn-42	0.07	1.99	2.25
WBGene00003519	nac-3	0.07	1.22	1.04
WBGene00010706	cyp-14A2	0.07	1.19	1.48
WBGene00009048	cth-1	0.07	2.03	1.70
WBGene00002055	ifc-1	0.07	2.47	1.68
WBGene00022195	Y71H2B.5	0.07	1.86	1.78
WBGene00000894	dab-1	0.07	2.12	1.99
WBGene00007500	nasp-1	0.07	1.38	1.01
WBGene00018282	F41D9.2	0.07	1.18	1.85
WBGene00002077	imb-3	0.07	1.34	1.24
WBGene00020606	nhr-284	0.07	2.34	2.14
WBGene00002235	kqt-3	0.07	1.55	1.35
WBGene00010434	H40L08.3	0.07	2.03	1.91
WBGene00018909	slx-1	0.07	1.67	1.39
WBGene00002182	kap-1	0.07	1.75	1.49
WBGene00001485	fre-1	0.07	1.64	1.67
WBGene00010420	mcrs-1	0.07	1.11	1.04
WBGene00007396	tiar-3	0.07	1.41	1.26
WBGene00045062	Y38H8A.8	0.07	1.90	1.52
WBGene00007100	B0024.10	0.08	1.56	1.68
WBGene00004108	pqn-18	0.08	1.82	1.74
WBGene00010765	K10H10.10	0.08	2.83	1.38
WBGene00008532	dpt-1	0.08	1.56	1.45
WBGene00017061	oac-12	0.08	1.92	2.81
WBGene00008142	C47E8.3	0.08	1.25	1.33
WBGene00003391	mog-3	0.08	2.84	2.97
WBGene00003421	msh-5	0.08	1.58	1.50
WBGene00015981	elt-7	0.08	1.14	1.34
WBGene00012136	T28F4.1	0.08	2.99	2.91
WBGene00004928	soc-1	0.08	2.92	2.50
WBGene00018201	btb-18	0.08	2.20	1.90
WBGene00018802	F54D8.6	0.09	2.52	2.31
WBGene00001089	dre-1	0.09	1.81	1.93
WBGene00001537	gcy-11	0.09	2.24	1.89
WBGene00014219	ZK1098.2	0.09	1.45	1.24
WBGene00020018	R12B2.2	0.09	1.31	1.34
WBGene00001028	dnj-10	0.09	1.55	1.31
WBGene00003655	nhr-65	0.09	1.78	1.36
WBGene00009372	evl-18	0.09	2.91	2.44
WBGene00002241	kup-1	0.09	1.20	1.05
WBGene00004179	prg-2	0.09	2.90	3.05
WBGene00018200	btb-17	0.09	1.71	1.60
WBGene00022150	Y71G12B.10	0.09	1.93	1.61
WBGene00017641	csr-1	0.09	1.30	1.09
WBGene00007063	2L52.1	0.10	1.61	1.48
WBGene00010663	toca-2	0.10	1.71	1.74
WBGene00008920	eef-1G	0.10	2.20	1.82
WBGene00022301	cpsf-1	0.10	1.70	1.54
WBGene00015155	B0353.1	0.10	1.17	1.39
WBGene00019840	R02F11.2	0.10	1.64	2.01
WBGene00022851	ZK1127.4	0.10	1.25	1.31
WBGene00017769	hmgs-1	0.10	1.27	1.09
WBGene00017774	nop-1	0.10	1.15	1.24
WBGene00021104	W09B6.4	0.10	1.58	1.67
WBGene00043068	F32E10.9	0.10	1.22	1.57
WBGene00020839	usp-5	0.10	1.61	1.56
WBGene00017646	F20H11.1	0.10	1.40	1.29
WBGene00022180	Y71H2AM.15	0.10	1.68	1.78
WBGene00019011	F57C9.4	0.10	1.48	1.45
WBGene00010773	K11E4.1	0.10	2.86	2.17
WBGene00010810	M01F1.4	0.10	1.32	1.20
WBGene00020068	cra-1	0.11	1.55	1.38
WBGene00010048	F54D5.2	0.11	1.79	1.39
WBGene00007145	B0334.5	0.11	1.31	1.00
WBGene00001546	gcy-21	0.11	1.80	1.45
WBGene00013960	cutl-8	0.11	1.30	1.75
WBGene00020742	T23H2.3	0.11	1.50	1.29
WBGene00011726	lpr-2	0.11	2.33	2.21
WBGene00015017	B0205.1	0.11	1.65	1.64
WBGene00001043	dnj-25	0.11	1.23	1.33
WBGene00007011	mdt-1.2	0.11	1.95	1.47
WBGene00001816	haf-6	0.12	1.27	1.20
WBGene00000061	lgc-11	0.12	3.33	1.99
WBGene00000537	clk-2	0.12	1.76	1.48
WBGene00000393	cdf-1	0.12	1.35	1.03
WBGene00022281	abtm-1	0.12	1.33	1.30
WBGene00021602	clec-205	0.12	2.79	1.79
WBGene00007802	cutl-27	0.12	1.35	2.20
WBGene00010988	metr-1	0.12	3.19	2.41
WBGene00007094	B0019.2	0.12	2.19	2.15
WBGene00013485	Y69H2.10	0.12	2.96	2.29
WBGene00013461	Y67H2A.2	0.12	1.02	1.06
WBGene00011590	bus-19	0.12	1.16	1.48
WBGene00044582	B0222.11	0.12	2.83	2.02
WBGene00021344	Y37B11A.2	0.12	1.74	1.56
WBGene00017255	F08D12.12	0.12	2.38	2.42
WBGene00010973	R01H10.5	0.12	1.71	1.52
WBGene00013896	ZC443.1	0.12	3.14	1.87
WBGene00019820	cogc-8	0.12	1.25	1.04
WBGene00022672	ZK177.4	0.12	1.56	1.35
WBGene00020575	T19D7.7	0.12	1.73	1.88
WBGene00021561	Y45G5AM.9	0.13	1.45	1.30
WBGene00043067	dlc-5	0.13	2.40	2.54
WBGene00016725	C46H3.2	0.13	2.24	1.88
WBGene00021324	Y34B4A.8	0.13	1.42	1.48
WBGene00008665	ercc-1	0.13	1.87	1.99
WBGene00006762	unc-25	0.13	2.02	1.92
WBGene00015678	mcp-1	0.13	1.30	1.28
WBGene00022101	Y69A2AR.32	0.13	1.15	1.14
WBGene00003785	nos-3	0.13	1.25	1.04
WBGene00013225	Y56A3A.2	0.13	1.22	1.09
WBGene00009065	F22G12.5	0.13	1.47	1.33
WBGene00045077	Y71A12B.18	0.13	1.98	1.54
WBGene00013258	polg-1	0.13	2.38	2.10
WBGene00015513	snpc-1.1	0.14	1.49	1.51
WBGene00017607	F19F10.11	0.14	1.94	1.54
WBGene00016204	gsto-1	0.14	1.96	1.71
WBGene00021649	Y47G6A.25	0.14	1.15	1.19
WBGene00011052	arrd-11	0.14	3.01	3.55
WBGene00008578	F08G2.7	0.14	1.62	1.48
WBGene00021287	Y24D9B.1	0.14	1.11	1.29
WBGene00020171	T02H6.1	0.14	1.59	1.47
WBGene00019779	M60.2	0.14	2.01	1.84
WBGene00001078	dpy-19	0.14	1.57	1.31
WBGene00004509	rrf-2	0.14	1.65	1.44
WBGene00015131	B0303.11	0.14	1.10	1.09
WBGene00012104	sygl-1	0.14	1.38	1.18
WBGene00018899	F55G1.1	0.14	1.50	2.06
WBGene00012222	W03C9.6	0.14	1.43	1.60
WBGene00013464	Y67H2A.7	0.14	1.28	1.19
WBGene00012763	atln-2	0.14	1.55	1.23
WBGene00001553	gcy-33	0.14	2.35	2.35
WBGene00018516	tag-257	0.14	1.56	1.43
WBGene00009779	F46C5.2	0.15	1.46	1.51
WBGene00021292	copb-1	0.15	1.73	1.68
WBGene00016304	fbxc-41	0.15	3.19	2.73
WBGene00022104	Y71D11A.3	0.15	1.16	1.10
WBGene00011664	T09F3.5	0.15	1.19	1.09
WBGene00009952	F53A2.7	0.15	1.64	1.50
WBGene00008996	glb-14	0.15	1.52	1.50
WBGene00008346	C56A3.8	0.15	1.31	1.22
WBGene00009920	abts-1	0.15	1.83	1.40
WBGene00013118	Y51H4A.24	0.15	2.44	2.00
WBGene00021939	Y55F3BR.2	0.15	1.10	1.52
WBGene00020082	gcp-2.1	0.15	1.23	1.15
WBGene00022393	Y97E10AL.2	0.15	2.10	2.01
WBGene00012643	Y39A1A.3	0.15	2.07	1.88
WBGene00001002	div-1	0.15	1.37	1.27
WBGene00008145	set-5	0.15	2.43	2.26
WBGene00010814	M01F1.8	0.15	1.63	1.62
WBGene00012205	W02B12.10	0.15	1.13	1.18
WBGene00017302	F09F7.5	0.15	2.26	1.61
WBGene00022376	Y94H6A.3	0.15	3.11	3.17
WBGene00012980	efhd-1	0.15	1.00	1.07
WBGene00013075	Y51A2D.7	0.15	2.22	2.19
WBGene00018061	arrd-19	0.16	2.19	1.96
WBGene00021810	phf-15	0.16	1.72	1.64
WBGene00002985	lig-1	0.16	1.79	1.47
WBGene00007866	C32H11.3	0.16	1.91	1.68
WBGene00003648	nhr-58	0.16	2.15	2.01
WBGene00011271	flad-1	0.16	1.79	1.65
WBGene00020852	nhr-228	0.16	2.29	1.85
WBGene00017212	F07E5.7	0.16	1.16	2.85
WBGene00004303	ran-2	0.16	1.52	1.25
WBGene00016991	CD4.5	0.16	2.45	3.30
WBGene00009234	F28H6.6	0.16	1.38	1.59
WBGene00008318	C54G4.9	0.16	1.55	1.53
WBGene00009106	acs-12	0.16	1.88	1.47
WBGene00018435	btb-9	0.17	2.15	1.45
WBGene00021930	Y55F3AM.13	0.17	2.34	2.12
WBGene00005642	srp-1	0.17	1.11	1.31
WBGene00004229	ptr-15	0.17	1.66	1.36
WBGene00018420	F44E2.7	0.17	2.10	1.74
WBGene00010721	K09E4.3	0.17	1.73	1.48
WBGene00003688	nhr-98	0.17	1.43	1.41
WBGene00003680	nhr-90	0.17	2.10	1.66
WBGene00021066	W06H8.2	0.17	2.74	1.76
WBGene00000429	ceh-2	0.17	1.60	1.33
WBGene00000533	clh-6	0.17	1.30	1.01
WBGene00008579	F08G2.8	0.17	1.69	1.81
WBGene00016592	erl-1	0.17	1.12	1.21
WBGene00015940	C18A3.2	0.17	1.09	1.08
WBGene00019395	K04F10.2	0.17	1.68	1.53
WBGene00013969	tep-1	0.17	1.54	1.22
WBGene00019881	R05D3.8	0.17	1.71	1.58
WBGene00001613	glr-2	0.17	1.51	1.52
WBGene00004138	pqn-53	0.17	3.01	3.07
WBGene00008497	F01D5.7	0.17	1.66	2.44
WBGene00010052	F54D5.7	0.17	2.46	1.99
WBGene00003232	mgl-1	0.18	1.34	2.13
WBGene00006796	unc-62	0.18	1.38	1.27
WBGene00011478	T05D4.5	0.18	3.21	2.76
WBGene00009916	F52A8.3	0.18	2.08	1.90
WBGene00007645	C17E4.6	0.18	1.68	1.67
WBGene00018937	F56B6.6	0.18	2.23	1.79
WBGene00018415	nhr-184	0.18	2.06	1.70
WBGene00000767	coq-8	0.18	2.86	2.35
WBGene00016392	sdha-2	0.18	2.08	1.89
WBGene00013083	Y51A2D.18	0.18	1.87	1.25
WBGene00012576	Y37H9A.1	0.18	1.58	1.58
WBGene00013039	scav-3	0.18	2.16	1.93
WBGene00022615	ZC449.5	0.18	2.46	2.05
WBGene00011318	cdt-2	0.18	2.02	2.00
WBGene00020855	hpo-36	0.19	1.83	1.68
WBGene00019227	sgca-1	0.19	1.49	1.16
WBGene00044609	tbcc-1	0.19	1.30	1.28
WBGene00015768	C14C11.4	0.19	2.20	1.66
WBGene00022175	Y71H2AM.10	0.19	1.37	1.59
WBGene00018787	cutl-20	0.19	1.69	1.35
WBGene00018996	F57B9.1	0.19	1.67	1.63
WBGene00021039	W05F2.7	0.20	2.41	2.09
WBGene00000166	apt-9	0.20	2.54	2.78
WBGene00004743	scm-1	0.20	1.10	1.31
WBGene00022805	nhr-256	0.20	1.77	1.40
WBGene00021633	Y47G6A.3	0.20	1.79	1.98
WBGene00021423	tftc-1	0.20	2.30	2.21
WBGene00022087	Y69A2AR.16	0.20	1.45	1.36
WBGene00002046	icln-1	0.20	1.72	1.65
WBGene00003165	mec-1	0.20	1.57	1.46
WBGene00013327	Y57G11C.38	0.20	1.93	2.04
WBGene00003385	moc-2	0.20	1.84	2.16
WBGene00022463	elpc-1	0.21	2.39	1.85
WBGene00020311	T07D3.9	0.21	1.72	1.38
WBGene00016468	C36B7.5	0.21	2.30	1.93
WBGene00020952	kel-8	0.21	2.20	1.93
WBGene00000545	clp-4	0.21	1.61	1.39
WBGene00001325	eor-2	0.21	1.85	2.20
WBGene00021320	Y34B4A.4	0.21	2.44	2.49
WBGene00001874	him-17	0.21	1.78	1.39
WBGene00022858	ZK1193.2	0.21	1.68	1.40
WBGene00021661	mbtr-1	0.21	1.80	1.74
WBGene00006563	teg-1	0.21	2.68	2.69
WBGene00021476	Y39G10AR.21	0.21	1.59	1.52
WBGene00008094	C44H4.4	0.21	1.48	1.41
WBGene00008194	C49C3.4	0.22	1.52	1.21
WBGene00003472	mtk-1	0.22	1.26	1.03
WBGene00021472	Y39G10AR.16	0.22	2.41	2.07
WBGene00017489	F15E6.9	0.22	2.56	2.69
WBGene00004701	rsp-4	0.22	1.92	1.95
WBGene00003373	mlh-1	0.22	2.55	2.25
WBGene00012132	ifta-2	0.22	2.68	2.48
WBGene00007464	C08H9.3	0.22	1.63	1.48
WBGene00009049	F22B8.7	0.22	1.55	1.46
WBGene00000239	bas-1	0.22	1.89	1.66
WBGene00002042	hus-1	0.22	1.93	1.78
WBGene00021502	Y40D12A.1	0.23	1.85	1.64
WBGene00016698	C46A5.1	0.23	1.93	1.76
WBGene00020153	nhr-212	0.23	2.20	1.61
WBGene00019598	K09H9.7	0.23	1.38	1.29
WBGene00003772	nlr-1	0.23	1.47	1.39
WBGene00006769	unc-33	0.23	2.31	2.34
WBGene00016259	C30F8.3	0.23	1.20	1.99
WBGene00010713	uso-1	0.23	1.23	1.28
WBGene00006615	trp-2	0.23	2.13	2.25
WBGene00021634	rde-10	0.23	1.52	1.37
WBGene00010774	K11E4.2	0.23	1.60	1.18
WBGene00011311	T01B7.5	0.24	2.39	2.52
WBGene00008043	C40H1.8	0.24	2.01	1.43
WBGene00010839	chl-1	0.24	2.66	2.68
WBGene00010449	K01A11.1	0.24	2.79	2.83
WBGene00015407	C03H5.5	0.24	1.29	1.11
WBGene00012306	W06F12.2	0.24	1.07	1.10
WBGene00000093	agt-1	0.24	2.04	1.97
WBGene00018511	F46F11.8	0.24	1.58	1.12
WBGene00018077	F35H12.5	0.24	1.81	1.55
WBGene00000477	cft-1	0.24	2.35	2.04
WBGene00006062	stn-1	0.24	1.51	1.15
WBGene00235340	C45G7.13	0.24	2.78	2.29
WBGene00004906	snf-7	0.24	1.78	1.70
WBGene00003000	lin-11	0.25	2.38	2.18
WBGene00012243	W04D2.4	0.25	2.35	2.13
WBGene00021389	Y38A10A.2	0.25	1.01	1.98
WBGene00016535	C39D10.8	0.25	1.76	1.59
WBGene00017463	F14D12.1	0.25	2.40	2.76
WBGene00017934	F30B5.4	0.25	3.12	2.85
WBGene00017570	F18E9.4	0.25	1.30	1.77
WBGene00008882	F16B12.6	0.25	2.15	1.77
WBGene00001423	fib-1	0.25	3.13	3.00
WBGene00012930	obr-1	0.25	2.06	1.91
WBGene00014014	ZK632.5	0.25	2.72	2.42
WBGene00013361	fars-2	0.25	1.95	1.86
WBGene00019302	K02D10.2	0.26	2.45	2.58
WBGene00012111	T28A8.5	0.26	1.66	1.88
WBGene00007409	C07B5.4	0.26	2.61	2.26
WBGene00004039	plc-4	0.26	2.62	2.19
WBGene00016286	C31H1.1	0.26	2.13	2.15
WBGene00020414	T10E9.4	0.26	2.00	1.96
WBGene00019368	K03H6.2	0.26	1.93	1.76
WBGene00022017	Y61A9LA.5	0.26	2.29	2.05
WBGene00021815	Y53G8AR.8	0.26	2.02	1.79
WBGene00018473	cima-1	0.26	1.83	1.44
WBGene00007810	C29F7.1	0.26	1.51	1.31
WBGene00018371	ess-2	0.26	2.74	2.65
WBGene00002988	lim-6	0.26	3.54	3.42
WBGene00022737	tofu-7	0.26	1.37	1.05
WBGene00001284	emb-30	0.26	1.63	1.22
WBGene00002224	klp-13	0.27	1.24	1.35
WBGene00020704	T22F7.5	0.27	1.95	2.11
WBGene00007705	C25A1.1	0.27	2.13	1.83
WBGene00001185	egl-17	0.27	1.71	2.25
WBGene00010437	cox-11	0.27	1.90	1.81
WBGene00020600	T20B12.1	0.27	2.17	1.85
WBGene00019972	R09A1.2	0.27	1.52	1.50
WBGene00019294	K02A6.3	0.27	1.41	1.50
WBGene00019457	vms-1	0.27	2.35	2.13
WBGene00007111	B0035.12	0.27	2.15	1.90
WBGene00014166	ZK945.4	0.27	2.12	2.27
WBGene00001157	ech-8	0.27	1.52	1.22
WBGene00021353	iglr-3	0.27	2.46	2.48
WBGene00003704	nhr-114	0.27	1.19	1.27
WBGene00018931	ugt-52	0.27	1.48	1.73
WBGene00022853	ZK1127.6	0.27	2.19	1.83
WBGene00022812	ZK742.2	0.28	1.98	1.58
WBGene00003919	par-4	0.28	2.22	2.37
WBGene00018758	F53E10.1	0.28	1.37	1.34
WBGene00009515	clec-170	0.28	1.74	1.36
WBGene00007597	C15A11.2	0.28	2.61	2.37
WBGene00015055	pitr-3	0.28	1.99	2.70
WBGene00008235	C50F4.10	0.28	1.80	1.80
WBGene00044631	bus-18	0.28	1.52	1.38
WBGene00010280	rde-12	0.28	1.86	1.77
WBGene00001184	egl-15	0.28	1.30	1.27
WBGene00010805	M01E5.2	0.28	1.43	1.30
WBGene00000994	dic-1	0.28	1.52	1.31
WBGene00017546	rpa-1	0.28	2.04	1.67
WBGene00020648	T21D12.7	0.28	1.16	1.56
WBGene00013264	Y57A10A.24	0.28	1.23	2.17
WBGene00010111	F55D12.2	0.28	2.91	2.12
WBGene00010362	enu-3.1	0.28	1.53	1.82
WBGene00000265	brd-1	0.29	1.56	1.64
WBGene00016661	C45B2.6	0.29	1.70	1.53
WBGene00012206	W02B12.11	0.29	1.60	1.29
WBGene00007967	cyp-25A4	0.29	1.77	1.43
WBGene00235352	ZK250.13	0.29	1.91	1.17
WBGene00020399	ztf-4	0.29	2.12	2.18
WBGene00013303	Y57G11C.5	0.29	2.77	2.06
WBGene00008243	C50H2.7	0.29	1.31	1.79
WBGene00004028	pif-1	0.29	2.67	2.99
WBGene00017103	klo-2	0.29	2.34	1.91
WBGene00004975	spe-39	0.29	2.02	1.76
WBGene00001995	hpl-1	0.29	2.04	2.31
WBGene00010503	K02C4.5	0.29	1.82	2.21
WBGene00007813	jmjd-3.3	0.29	1.73	1.69
WBGene00008133	efsc-1	0.29	1.67	1.73
WBGene00001095	dars-2	0.29	1.64	1.34
WBGene00018609	F48E8.2	0.30	1.39	1.14
WBGene00007024	mdt-28	0.30	1.26	1.25
WBGene00016108	C25G6.3	0.30	1.91	2.01
WBGene00012890	lact-9	0.30	1.81	1.67
WBGene00018862	wago-2	0.30	2.60	2.99
WBGene00012927	Y47D3A.14	0.30	1.90	1.84
WBGene00015350	C02F5.7	0.30	2.52	2.41
WBGene00044009	ZK822.6	0.30	3.27	2.71
WBGene00017785	F25E5.4	0.30	1.91	1.40
WBGene00008246	C50H2.13	0.30	2.33	2.51
WBGene00018394	F43E2.6	0.30	2.18	1.77
WBGene00017777	F25B5.6	0.30	2.25	1.90
WBGene00006870	vab-3	0.30	2.42	2.39
WBGene00012935	mcm-10	0.30	1.65	1.47
WBGene00017745	F23F1.4	0.30	1.12	1.43
WBGene00012888	sas-6	0.31	2.24	2.01
WBGene00021544	Y43B11AR.3	0.31	1.18	1.17
WBGene00010345	F59F5.7	0.31	1.08	1.57
WBGene00019884	R05D3.12	0.31	1.38	1.01
WBGene00018143	oac-23	0.31	1.18	1.72
WBGene00017261	acl-6	0.31	2.55	2.07
WBGene00019718	M01H9.2	0.31	2.43	2.22
WBGene00009326	F32D8.1	0.31	1.71	1.45
WBGene00009738	hecw-1	0.31	2.23	1.92
WBGene00007520	C11E4.6	0.31	2.31	2.16
WBGene00016598	C42D4.13	0.31	2.04	3.40
WBGene00022428	Y104H12D.4	0.31	1.07	1.10
WBGene00013579	Y79H2A.2	0.31	2.33	2.55
WBGene00009224	F28F8.7	0.31	2.40	2.05
WBGene00012997	Y48C3A.18	0.31	1.85	1.88
WBGene00009311	mltn-1	0.31	1.66	2.06
WBGene00007428	wdr-20	0.31	2.14	1.61
WBGene00010615	K07A1.9	0.31	1.74	1.62
WBGene00001086	dpy-27	0.31	2.04	1.78
WBGene00013345	Y59A8B.8	0.31	1.66	1.61
WBGene00000059	acr-20	0.31	3.29	2.67
WBGene00018637	F49E8.6	0.31	1.92	1.95
WBGene00014089	ZK822.1	0.32	2.91	1.80
WBGene00012512	ekl-5	0.32	1.65	1.34
WBGene00001791	gst-43	0.32	1.18	1.09
WBGene00012715	snpc-1.2	0.32	2.74	2.65
WBGene00012967	kvs-4	0.32	3.50	2.74
WBGene00000762	coq-2	0.32	1.30	1.37
WBGene00012810	Y43F8A.3	0.32	1.75	1.84
WBGene00003993	pgl-2	0.32	1.90	1.83
WBGene00010983	mocs-1	0.32	2.51	2.07
WBGene00019343	nep-18	0.32	2.37	1.94
WBGene00004256	pxn-1	0.32	1.68	1.18
WBGene00001484	fox-1	0.32	2.72	2.71
WBGene00006374	syx-4	0.32	1.88	1.83
WBGene00011916	T22C1.5	0.32	1.72	1.77
WBGene00007732	spe-44	0.33	2.14	2.10
WBGene00019013	tofu-4	0.33	2.70	2.73
WBGene00011893	T21C9.6	0.33	1.59	1.09
WBGene00011720	T11G6.5	0.33	1.56	1.31
WBGene00020009	R11F4.3	0.33	1.19	1.51
WBGene00017144	brap-2	0.33	1.41	1.26
WBGene00021158	Y4C6B.4	0.33	1.16	1.54
WBGene00016953	C55C3.3	0.33	1.11	1.57
WBGene00015989	C18H2.2	0.33	2.43	1.86
WBGene00016812	C50D2.9	0.33	2.18	2.17
WBGene00011123	nuaf-3	0.33	1.28	1.17
WBGene00018154	exos-9	0.33	2.74	2.46
WBGene00017576	cdh-8	0.34	1.28	1.66
WBGene00019497	K07E8.6	0.34	1.86	1.83
WBGene00009145	F26A3.7	0.34	1.90	1.92
WBGene00206525	R74.10	0.34	3.10	2.98
WBGene00011268	pde-12	0.34	1.79	1.56
WBGene00006415	tag-30	0.34	2.33	2.31
WBGene00013215	Y54G11A.4	0.34	2.71	1.93
WBGene00044388	C27D6.11	0.34	2.55	1.91
WBGene00003652	nhr-62	0.34	1.48	1.64
WBGene00004949	sox-2	0.34	2.03	1.50
WBGene00009258	F29G6.2	0.34	2.05	1.87
WBGene00002183	kat-1	0.35	1.30	1.10
WBGene00019612	gpcp-1	0.35	1.74	1.51
WBGene00004037	plc-2	0.35	1.75	1.49
WBGene00010409	H21P03.2	0.35	2.27	1.89
WBGene00020920	set-20	0.35	2.06	2.12
WBGene00010069	F54F11.1	0.35	1.37	2.80
WBGene00001069	dpy-7	0.35	3.09	2.90
WBGene00021685	herc-1	0.35	2.01	1.67
WBGene00017765	gcst-1	0.35	2.73	2.35
WBGene00015049	B0218.5	0.35	2.16	1.95
WBGene00000435	ceh-10	0.35	2.30	1.57
WBGene00008634	F10A3.4	0.35	1.42	1.26
WBGene00009239	irld-6	0.35	1.22	1.31
WBGene00000240	pah-1	0.35	1.79	1.56
WBGene00004184	T19D2.2	0.35	1.39	1.35
WBGene00020258	T05E7.1	0.35	1.83	1.85
WBGene00011201	nth-1	0.35	2.31	2.54
WBGene00012806	Y43F4B.9	0.35	1.34	1.23
WBGene00022232	exos-2	0.35	2.18	2.31
WBGene00013539	Y73F8A.35	0.35	2.39	2.46
WBGene00021202	Y17G9B.5	0.35	1.96	1.77
WBGene00021535	wht-7	0.35	2.23	2.02
WBGene00013639	Y105C5A.15	0.36	2.56	2.05
WBGene00003914	pam-1	0.36	1.52	1.43
WBGene00021657	Y48G1A.1	0.36	1.92	1.94
WBGene00008431	piga-1	0.36	1.65	1.33
WBGene00011493	T05F1.8	0.36	1.73	1.80
WBGene00017397	F12A10.8	0.36	1.95	1.70
WBGene00017122	E04F6.2	0.36	2.09	2.15
WBGene00001481	fog-1	0.36	3.28	2.75
WBGene00013820	Y116F11B.2	0.36	3.29	2.76
WBGene00022386	Y95B8A.6	0.36	1.42	1.38
WBGene00017795	F25F8.1	0.36	2.15	1.94
WBGene00017431	F13H6.3	0.36	1.87	1.15
WBGene00012401	irld-57	0.36	1.52	1.56
WBGene00017768	F25B4.5	0.36	3.15	2.84
WBGene00006319	sup-10	0.36	1.86	1.47
WBGene00000585	cogc-2	0.36	2.18	2.08
WBGene00022770	acp-1	0.36	1.30	1.26
WBGene00008355	fbxa-141	0.36	1.81	1.30
WBGene00018283	sulp-3	0.37	1.92	1.86
WBGene00007088	B0001.3	0.37	2.11	1.88
WBGene00013860	ZC247.2	0.37	1.37	1.90
WBGene00021430	Y38F2AR.12	0.37	3.16	2.89
WBGene00000521	cky-1	0.37	2.68	2.59
WBGene00003384	moc-1	0.37	2.04	2.21
WBGene00003075	lrx-1	0.37	1.76	2.21
WBGene00021117	clec-126	0.37	2.69	2.37
WBGene00008203	clec-198	0.37	2.10	2.10
WBGene00016266	idhg-2	0.37	2.39	1.91
WBGene00016561	eri-6	0.38	1.90	1.72
WBGene00008119	C46F11.4	0.38	2.99	2.82
WBGene00003682	nhr-92	0.38	1.59	1.50
WBGene00021460	zwl-1	0.38	2.93	2.82
WBGene00018788	shc-1	0.38	1.82	1.62
WBGene00020853	fbxa-137	0.38	2.76	2.43
WBGene00017939	F31A3.5	0.38	2.69	2.35
WBGene00007502	glb-4	0.38	2.07	2.51
WBGene00004219	ptr-4	0.38	1.01	1.43
WBGene00020282	mps-3	0.38	2.27	2.51
WBGene00011294	R102.7	0.38	2.23	2.43
WBGene00021057	W06B4.2	0.38	2.24	2.08
WBGene00004412	rpl-1	0.38	2.96	2.08
WBGene00019509	K07H8.9	0.38	2.38	2.10
WBGene00001479	fmo-4	0.39	1.79	2.31
WBGene00012791	Y43D4A.5	0.39	1.59	2.12
WBGene00008476	E03H4.8	0.39	1.26	1.37
WBGene00002220	klp-8	0.39	1.40	1.43
WBGene00016355	lact-5	0.39	2.99	1.97
WBGene00003718	nhr-128	0.39	1.83	1.85
WBGene00019904	twk-49	0.39	2.08	1.91
WBGene00009587	mig-38	0.39	2.68	2.39
WBGene00044949	Y49A10A.2	0.39	2.78	2.75
WBGene00011415	him-18	0.40	1.94	1.74
WBGene00009716	F44G4.7	0.40	2.06	2.10
WBGene00013203	Y54E5A.8	0.40	1.53	1.37
WBGene00007148	B0334.10	0.40	1.45	2.30
WBGene00020403	T10B11.7	0.40	2.28	1.79
WBGene00015555	ufl-1	0.40	1.96	1.89
WBGene00010113	F55D12.5	0.41	1.99	1.56
WBGene00004414	rpl-3	0.41	3.07	2.58
WBGene00021148	W10G11.19	0.41	1.60	1.43
WBGene00050919	C45G9.15	0.41	2.04	2.10
WBGene00021628	Y47D9A.1	0.41	1.79	2.16
WBGene00010646	K08C7.1	0.41	1.13	1.16
WBGene00000431	ceh-6	0.41	3.42	3.42
WBGene00077712	nipi-4	0.41	1.80	1.55
WBGene00009729	F45E10.2	0.41	2.54	2.15
WBGene00023500	C11H1.9	0.42	1.62	1.56
WBGene00013180	cutl-10	0.42	1.98	2.06
WBGene00020108	R151.4	0.42	1.48	1.53
WBGene00011958	T23G4.2	0.42	2.26	2.27
WBGene00017736	F23C8.7	0.42	2.34	1.66
WBGene00003960	pcs-1	0.42	3.39	3.44
WBGene00006416	sams-5	0.42	2.98	3.46
WBGene00015492	lnp-1	0.42	1.49	1.27
WBGene00019906	R05G9R.1	0.42	1.75	2.13
WBGene00007268	C03A3.3	0.42	1.06	1.43
WBGene00011242	R11D1.1	0.42	1.87	1.47
WBGene00016389	C34B2.4	0.42	1.75	2.28
WBGene00022627	ZC513.2	0.43	1.28	1.72
WBGene00011660	T09E11.11	0.43	1.62	1.45
WBGene00011647	noca-1	0.43	2.28	1.74
WBGene00017164	eng-1	0.43	2.93	2.48
WBGene00006695	twk-45	0.43	1.39	2.20
WBGene00016791	C49H3.4	0.43	1.39	1.16
WBGene00013002	Y48E1B.3	0.43	1.35	1.48
WBGene00010879	M05D6.6	0.43	1.02	1.00
WBGene00022253	hrpf-2	0.43	3.14	3.05
WBGene00194769	Y32B12C.5	0.43	2.38	1.40
WBGene00016984	npr-8	0.43	3.28	3.08
WBGene00023484	Y54G2A.37	0.43	2.75	3.38
WBGene00009981	F53F1.3	0.43	2.13	1.92
WBGene00017807	F26A1.9	0.43	1.46	2.37
WBGene00020169	mmaa-1	0.43	3.02	2.61
WBGene00018398	sptl-2	0.43	1.93	1.19
WBGene00010369	chd-1	0.43	2.32	1.98
WBGene00018547	clec-78	0.44	1.46	1.94
WBGene00043156	C27F2.9	0.44	1.36	1.21
WBGene00018999	F57B9.8	0.44	1.77	1.71
WBGene00016203	tag-250	0.44	2.45	2.28
WBGene00020398	T10B11.2	0.44	2.06	1.75
WBGene00016210	C29F5.1	0.44	1.41	1.33
WBGene00009625	F41E7.9	0.44	1.71	2.12
WBGene00020932	dhod-1	0.44	1.41	1.18
WBGene00021909	Y55B1BL.1	0.44	2.75	2.80
WBGene00019407	K05F1.5	0.44	3.15	2.68
WBGene00011248	R11D1.10	0.44	2.15	1.81
WBGene00013133	Y53C10A.2	0.44	2.20	1.88
WBGene00000651	col-75	0.45	1.98	3.08
WBGene00017965	F31F7.2	0.45	2.05	1.84
WBGene00022113	Y71F9AL.8	0.45	3.10	3.13
WBGene00003978	pes-4	0.45	1.84	1.98
WBGene00020273	T05H4.10	0.45	2.46	2.42
WBGene00003967	pdr-1	0.45	1.30	1.22
WBGene00004382	rnh-1.0	0.45	1.28	1.09
WBGene00017929	grld-1	0.45	3.01	2.50
WBGene00015887	C17C3.1	0.45	1.80	1.18
WBGene00022079	Y69A2AR.8	0.45	2.82	3.05
WBGene00006678	twk-25	0.45	2.23	2.46
WBGene00007254	C01H6.4	0.45	2.38	1.98
WBGene00010297	F59A1.11	0.45	1.49	1.82
WBGene00003668	nhr-78	0.45	2.06	1.36
WBGene00007445	C08F8.3	0.46	2.85	2.49
WBGene00010593	gsnl-1	0.46	2.45	2.44
WBGene00000088	aex-5	0.46	2.61	1.96
WBGene00017842	nep-12	0.46	1.46	1.80
WBGene00004856	sma-2	0.46	2.30	2.14
WBGene00013580	Y79H2A.3	0.46	2.74	2.68
WBGene00044332	clec-36	0.46	1.76	1.38
WBGene00016408	prmt-5	0.46	2.62	2.30
WBGene00010248	F58D5.9	0.46	1.37	1.74
WBGene00019301	K02D10.1	0.46	2.68	2.52
WBGene00013561	Y75B8A.31	0.46	2.32	2.08
WBGene00004831	slo-2	0.47	1.85	1.68
WBGene00012298	prmt-7	0.47	2.66	2.02
WBGene00004226	ptr-12	0.47	3.14	2.02
WBGene00022390	him-19	0.47	2.46	2.63
WBGene00019522	K08B12.3	0.47	2.05	1.98
WBGene00016287	C31H1.2	0.47	2.20	2.29
WBGene00004051	pme-3	0.47	2.01	1.92
WBGene00006395	taf-11.3	0.47	2.04	2.01
WBGene00017272	F08F8.7	0.47	2.50	2.18
WBGene00016442	C35D10.5	0.47	1.26	1.15
WBGene00019562	K09C6.8	0.47	2.64	2.14
WBGene00007840	C31C9.6	0.48	2.49	2.11
WBGene00016261	C30F12.2	0.48	1.28	1.24
WBGene00003085	lst-3	0.48	3.37	3.05
WBGene00007581	alkb-8	0.48	2.28	2.02
WBGene00018741	comt-1	0.48	1.26	1.75
WBGene00044170	Y51B9A.10	0.48	2.37	2.49
WBGene00050880	F32H2.12	0.48	1.85	2.27
WBGene00000096	ahr-1	0.48	3.12	2.57
WBGene00016967	C56C10.11	0.48	2.43	1.94
WBGene00012199	mltn-3	0.48	2.72	3.56
WBGene00000449	ceh-27	0.48	3.18	2.73
WBGene00019429	K06A5.1	0.48	2.00	1.82
WBGene00020912	W01A11.7	0.48	2.05	2.25
WBGene00017398	slc-17.6	0.48	4.12	2.82
WBGene00003253	mig-22	0.48	2.63	2.01
WBGene00001608	R07B1.8	0.48	2.27	3.74
WBGene00000519	cku-70	0.48	2.51	2.31
WBGene00022138	trpp-10	0.48	2.31	2.21
WBGene00017487	F15E6.6	0.48	2.39	1.71
WBGene00011866	T20F10.5	0.48	1.81	1.53
WBGene00045255	nhr-146	0.49	1.46	1.33
WBGene00010147	F56D5.2	0.49	1.96	1.80
WBGene00007154	dhc-3	0.49	2.34	2.92
WBGene00018100	math-26	0.49	2.44	1.98
WBGene00007785	tofu-1	0.49	1.50	1.20
WBGene00023485	ttr-49	0.49	1.15	1.32
WBGene00021515	set-23	0.49	2.06	1.83
WBGene00001948	hlh-1	0.49	1.68	1.89
WBGene00014813	M176.9	0.49	2.07	1.75
WBGene00013694	Y106G6A.1	0.49	2.50	2.30
WBGene00016575	C41H7.5	0.49	3.37	2.91
WBGene00017534	F17A9.2	0.49	2.03	1.65
WBGene00013221	Y54G11A.14	0.49	3.40	4.17
WBGene00022039	Y65B4BL.7	0.49	1.08	1.24
WBGene00001468	flr-4	0.49	2.38	1.80
WBGene00016906	C53D5.5	0.50	1.77	1.64
WBGene00011963	T23G5.3	0.50	2.25	1.66
WBGene00012908	Y46G5A.18	0.50	3.15	3.06
WBGene00019909	R06A10.1	0.50	1.67	1.69
WBGene00019169	H06I04.5	0.50	2.19	2.19
WBGene00015641	C09E7.7	0.50	2.20	1.84
WBGene00013584	nhr-243	0.50	1.99	1.75
WBGene00020358	math-39	0.50	1.88	1.35
WBGene00010018	fbxa-69	0.50	2.23	1.41
WBGene00006533	tba-7	0.50	2.35	1.71
WBGene00013808	sfa-1	0.50	4.19	3.56
WBGene00013790	Y116A8C.10	0.50	1.37	1.50
WBGene00022762	ZK546.5	0.51	2.77	2.45
WBGene00013955	kri-1	0.51	1.74	1.59
WBGene00004010	pha-1	0.51	2.01	1.49
WBGene00001135	eat-4	0.51	2.59	1.99
WBGene00044049	sfxn-5	0.51	2.24	1.84
WBGene00007220	C01B9.1	0.51	1.65	1.05
WBGene00021508	Y41D4A.6	0.51	2.65	2.29
WBGene00010370	ctg-1	0.51	1.48	1.43
WBGene00017069	D2096.1	0.51	1.78	2.09
WBGene00009511	F37H8.2	0.51	1.90	1.79
WBGene00007120	B0250.3	0.51	2.97	2.52
WBGene00015395	nhr-147	0.51	1.12	1.44
WBGene00011122	cpt-2	0.52	1.66	1.63
WBGene00019912	R06B10.1	0.52	2.58	2.71
WBGene00002234	kqt-2	0.52	1.92	1.61
WBGene00012623	fbxa-149	0.52	1.74	1.54
WBGene00012815	phy-4	0.52	3.93	4.47
WBGene00012494	nhr-232	0.52	1.77	1.32
WBGene00009813	haly-1	0.52	1.58	1.68
WBGene00016559	C41A3.2	0.52	2.12	2.17
WBGene00013343	prp-6	0.52	2.75	2.37
WBGene00015400	cyp-35A2	0.52	1.45	1.57
WBGene00018262	cyp-33C3	0.52	3.13	2.62
WBGene00021245	Y22D7AL.6	0.52	2.72	2.47
WBGene00007731	C25G4.3	0.53	1.41	1.24
WBGene00016264	C30F12.5	0.53	2.71	2.04
WBGene00013385	Y62E10A.19	0.53	2.11	2.97
WBGene00007991	C37A5.7	0.53	2.51	2.11
WBGene00010673	K08E7.5	0.53	1.15	2.35
WBGene00013673	Y105E8A.13	0.53	2.29	2.60
WBGene00000990	dhs-27	0.53	2.77	1.78
WBGene00018357	moc-3	0.53	2.37	2.21
WBGene00018238	F40F4.7	0.53	2.52	2.35
WBGene00017816	F26B1.2	0.53	3.12	3.05
WBGene00000854	cux-7	0.53	1.79	1.53
WBGene00022134	Y71G10AL.1	0.53	3.61	3.40
WBGene00004787	sft-1	0.54	1.72	1.53
WBGene00022435	Y108G3AL.3	0.54	2.34	1.57
WBGene00022534	syx-16	0.54	1.21	1.01
WBGene00000121	aly-2	0.54	2.51	2.76
WBGene00017796	F25G6.1	0.54	1.92	1.97
WBGene00017947	mth-2	0.54	2.24	1.53
WBGene00011093	R07B7.9	0.54	1.51	1.07
WBGene00015561	C07A12.7	0.54	2.27	2.46
WBGene00010682	K08F8.5	0.54	2.02	1.80
WBGene00016890	lst-5	0.54	1.45	1.21
WBGene00006976	zhp-3	0.54	1.36	1.41
WBGene00013307	Y57G11C.9	0.54	3.52	3.01
WBGene00005644	srp-3	0.54	1.38	1.12
WBGene00044169	C06C3.10	0.54	1.72	1.70
WBGene00012933	mib-1	0.54	2.92	2.79
WBGene00016849	acs-21	0.55	3.37	2.97
WBGene00013802	Y116A8C.25	0.55	1.72	1.67
WBGene00013232	faah-4	0.55	2.14	2.05
WBGene00018873	F55C12.6	0.55	1.24	1.96
WBGene00013852	hhat-1	0.55	1.21	2.00
WBGene00020019	R12B2.3	0.55	2.24	1.94
WBGene00019549	K09C4.4	0.55	1.39	2.07
WBGene00022503	ZC13.2	0.55	2.10	2.09
WBGene00010781	K11H3.4	0.55	2.41	2.32
WBGene00006714	ubc-19	0.55	2.61	2.52
WBGene00001548	gcy-23	0.55	1.86	1.84
WBGene00022085	Y69A2AR.14	0.55	2.97	3.30
WBGene00017357	F10E9.5	0.55	1.84	1.74
WBGene00021872	clec-85	0.55	1.92	1.46
WBGene00022891	ZK1290.10	0.55	1.29	2.30
WBGene00015313	hpo-32	0.56	3.22	3.54
WBGene00001984	hog-1	0.56	1.13	1.75
WBGene00000792	crb-1	0.56	1.77	1.80
WBGene00019803	PDB1.1	0.56	1.51	1.27
WBGene00007178	B0457.2	0.56	3.63	3.11
WBGene00018316	F41H10.3	0.56	2.88	2.93
WBGene00007602	C15C6.3	0.56	3.37	3.02
WBGene00006920	vha-11	0.56	2.80	2.32
WBGene00004180	pri-1	0.57	2.11	2.11
WBGene00019657	K11G12.6	0.57	2.62	2.38
WBGene00014218	ZK1098.1	0.57	2.60	2.29
WBGene00022554	duxl-1	0.57	2.66	2.69
WBGene00010304	clpf-1	0.57	1.90	1.97
WBGene00013325	Y57G11C.36	0.57	2.34	2.44
WBGene00021037	fbxa-203	0.57	2.09	2.14
WBGene00009643	F42G4.6	0.57	3.15	3.18
WBGene00017077	D2096.10	0.57	2.66	2.36
WBGene00015218	B0507.1	0.58	2.13	2.49
WBGene00012366	maea-1	0.58	2.30	2.33
WBGene00018410	F44B9.9	0.58	1.17	1.25
WBGene00000374	cyp-31A1	0.58	2.12	1.60
WBGene00044654	fbxa-85	0.58	2.05	1.56
WBGene00010767	K11B4.2	0.58	1.63	1.65
WBGene00019164	H06H21.8	0.58	2.66	1.94
WBGene00007668	C18B12.6	0.58	1.62	1.42
WBGene00001119	dyf-3	0.58	2.15	1.88
WBGene00009393	clec-62	0.58	1.63	1.59
WBGene00020270	T05H4.7	0.58	3.35	3.49
WBGene00015451	C04F5.9	0.58	2.64	2.38
WBGene00008483	E04D5.4	0.58	1.85	1.17
WBGene00022611	ZC449.1	0.58	2.22	2.98
WBGene00010716	lge-1	0.58	2.32	1.88
WBGene00001248	elp-1	0.59	2.62	2.18
WBGene00021387	Y37F4.6	0.59	3.20	2.55
WBGene00014153	vab-23	0.59	2.94	2.77
WBGene00016173	fust-1	0.59	3.75	3.62
WBGene00001438	fkh-6	0.59	1.99	1.81
WBGene00020100	mks-1	0.59	2.19	2.08
WBGene00015335	acdh-6	0.59	2.99	3.68
WBGene00020813	T25G12.6	0.59	2.85	2.33
WBGene00011097	nhr-206	0.59	2.21	1.73
WBGene00020942	W02D7.6	0.59	1.65	1.42
WBGene00004389	rnp-6	0.59	3.08	2.89
WBGene00021981	lgc-26	0.59	2.56	2.08
WBGene00050946	M162.12	0.59	2.90	2.35
WBGene00010627	K07C5.4	0.60	3.84	3.78
WBGene00009557	mtcu-1	0.60	2.51	2.41
WBGene00004954	spd-3	0.60	1.55	1.25
WBGene00011051	pfs-2	0.60	1.77	1.57
WBGene00007504	C09H10.10	0.60	2.11	1.94
WBGene00019692	M01A10.1	0.60	3.11	2.87
WBGene00004384	rnp-1	0.60	1.14	1.06
WBGene00006675	twk-22	0.60	2.93	2.56
WBGene00021298	Y27F2A.6	0.60	1.47	2.33
WBGene00004907	snf-8	0.60	1.98	2.17
WBGene00011770	T14G8.2	0.60	2.13	1.65
WBGene00007578	C14B1.7	0.60	4.07	4.17
WBGene00018308	F41G4.4	0.60	2.71	2.02
WBGene00004353	rgs-10	0.60	2.66	3.09
WBGene00004881	smg-3	0.61	2.49	2.10
WBGene00017151	EGAP9.3	0.61	1.38	1.45
WBGene00011397	T03E6.8	0.61	2.89	2.34
WBGene00020283	T06A4.3	0.61	2.82	3.47
WBGene00005228	srh-2	0.61	2.62	3.21
WBGene00017545	F18A1.1	0.61	1.51	1.65
WBGene00018273	F41C3.7	0.61	1.58	1.73
WBGene00000745	col-172	0.61	2.43	3.24
WBGene00018430	nhr-142	0.61	2.44	1.79
WBGene00007252	C01H6.2	0.61	2.22	2.32
WBGene00017780	F25E2.2	0.61	1.01	1.26
WBGene00044342	T05B11.7	0.62	2.60	2.05
WBGene00008997	lgc-31	0.62	2.05	2.14
WBGene00003693	nhr-103	0.62	3.86	3.14
WBGene00007692	C23H4.3	0.62	1.80	1.48
WBGene00019571	K09E2.2	0.62	3.32	3.07
WBGene00011050	agl-1	0.62	2.09	1.67
WBGene00013835	mlt-4	0.62	3.21	3.34
WBGene00019593	K09F6.10	0.62	4.46	3.60
WBGene00001840	hel-1	0.62	2.89	2.81
WBGene00019254	H31G24.3	0.62	1.12	1.32
WBGene00018311	F41G4.8	0.62	1.45	1.40
WBGene00044059	T27C5.12	0.62	1.82	2.81
WBGene00044304	F52B10.3	0.62	1.96	1.77
WBGene00013967	ZK287.7	0.63	1.79	1.74
WBGene00007918	sphk-1	0.63	2.39	1.79
WBGene00017957	F31F4.1	0.63	1.98	1.48
WBGene00010116	F55F3.2	0.63	1.83	1.44
WBGene00016354	rig-6	0.63	2.77	2.80
WBGene00015106	B0280.11	0.63	3.05	2.42
WBGene00006620	svh-1	0.63	1.50	1.31
WBGene00010628	ceeh-2	0.64	2.09	1.51
WBGene00007257	C01H6.8	0.64	1.97	2.38
WBGene00015173	trpp-11	0.64	3.57	3.07
WBGene00018608	F48E3.9	0.64	2.24	1.89
WBGene00015468	madf-11	0.64	1.91	1.55
WBGene00013247	Y57A10A.2	0.64	2.73	2.76
WBGene00206362	B0041.11	0.64	2.47	2.64
WBGene00022620	ZC477.5	0.64	2.76	2.49
WBGene00012356	W09D6.1	0.65	2.33	2.22
WBGene00016172	C27H5.2	0.65	1.80	1.77
WBGene00015581	C07H6.4	0.65	2.41	2.19
WBGene00012767	fcd-2	0.65	2.38	2.31
WBGene00194650	C36A4.14	0.65	1.78	1.43
WBGene00019691	K12H6.12	0.65	2.69	2.60
WBGene00012924	Y47D3A.5	0.65	1.56	1.87
WBGene00045122	F22B3.10	0.65	1.91	2.41
WBGene00008605	mlt-9	0.65	1.17	2.34
WBGene00015141	ugt-46	0.65	1.90	1.47
WBGene00010786	K12D12.4	0.65	1.86	1.71
WBGene00020118	R155.4	0.65	1.82	1.91
WBGene00002000	hrp-2	0.66	3.11	2.75
WBGene00012795	Y43E12A.3	0.66	1.50	1.18
WBGene00015720	C13A2.3	0.66	1.29	1.96
WBGene00017625	cgt-2	0.66	2.34	2.02
WBGene00011279	asd-1	0.66	3.49	3.40
WBGene00011868	best-18	0.66	2.91	2.63
WBGene00018706	F52F10.2	0.66	2.66	3.08
WBGene00000090	age-1	0.66	3.51	3.10
WBGene00019394	K04F10.1	0.66	2.08	2.00
WBGene00004424	rpl-12	0.66	1.75	1.73
WBGene00009759	ttr-12	0.66	1.50	2.35
WBGene00018955	F56C11.3	0.66	2.26	2.30
WBGene00019924	fbxc-33	0.67	3.37	3.07
WBGene00045049	F53G12.9	0.67	1.75	1.72
WBGene00022063	Y67D8B.4	0.67	2.00	1.83
WBGene00195190	T04A6.5	0.67	1.90	1.85
WBGene00010284	aman-2	0.67	3.16	2.88
WBGene00011495	T05F1.11	0.67	2.50	1.86
WBGene00015370	C03A7.12	0.67	1.81	2.21
WBGene00017142	EEED8.14	0.67	2.35	1.93
WBGene00006510	mtrr-1	0.67	3.51	3.10
WBGene00219372	F01E11.17	0.67	3.30	3.57
WBGene00007677	C18D4.8	0.67	2.20	1.96
WBGene00022759	ZK546.2	0.67	2.52	2.54
WBGene00009830	cutl-18	0.68	1.85	2.30
WBGene00007611	C15H7.4	0.68	3.58	3.63
WBGene00001556	gcy-36	0.68	2.45	2.23
WBGene00023172	Y23H5A.8	0.68	2.15	2.14
WBGene00009771	F46B6.6	0.68	3.04	2.59
WBGene00021274	Y23H5B.3	0.68	1.33	2.10
WBGene00017716	F22F4.1	0.68	1.24	2.27
WBGene00007697	C24F3.2	0.68	1.40	1.36
WBGene00019757	memb-2	0.68	2.42	2.35
WBGene00022335	Y82E9BR.2	0.68	2.02	1.98
WBGene00022172	cosa-1	0.69	2.73	2.62
WBGene00016427	C34H4.5	0.69	2.40	1.85
WBGene00007170	B0393.5	0.69	1.18	2.00
WBGene00013317	Y57G11C.22	0.69	2.02	2.23
WBGene00000116	alh-10	0.69	2.81	2.10
WBGene00008379	secs-1	0.70	1.36	1.27
WBGene00000259	bpl-1	0.70	1.68	1.32
WBGene00013678	Y105E8A.20	0.70	2.42	2.10
WBGene00020313	T07E3.2	0.70	1.76	1.36
WBGene00020936	hrpf-1	0.70	2.24	1.93
WBGene00014986	ZK550.7	0.70	2.91	3.25
WBGene00007816	C30F2.2	0.70	2.75	2.04
WBGene00006988	zyg-1	0.70	2.75	2.62
WBGene00011705	T11A5.6	0.70	3.09	2.97
WBGene00003174	mec-10	0.70	2.31	2.71
WBGene00022250	Y73B6BL.29	0.70	1.30	1.25
WBGene00012544	Y37D8A.2	0.70	2.23	2.07
WBGene00077592	T25B2.3	0.71	1.18	2.69
WBGene00195072	C16C8.22	0.71	1.99	1.83
WBGene00013098	Y51H4A.1	0.71	2.01	1.84
WBGene00018908	fncm-1	0.71	1.70	1.49
WBGene00016495	C37C3.1	0.71	3.07	2.77
WBGene00011212	R10E8.6	0.71	1.56	1.26
WBGene00004093	ppw-1	0.71	3.49	3.41
WBGene00004030	pin-2	0.71	1.95	1.23
WBGene00006423	asd-2	0.71	4.04	4.08
WBGene00007213	C01A2.1	0.71	2.21	1.83
WBGene00008118	madf-8	0.72	1.92	1.85
WBGene00018622	nhr-190	0.72	2.93	2.74
WBGene00009183	F27C8.2	0.72	1.21	1.94
WBGene00006624	try-6	0.72	2.98	3.07
WBGene00044250	F56G4.7	0.72	2.20	1.92
WBGene00018146	F37C4.6	0.72	3.49	3.15
WBGene00021689	Y48G8AL.10	0.72	2.67	2.80
WBGene00021309	Y32G9B.1	0.72	2.71	3.03
WBGene00001637	gly-12	0.72	1.69	1.58
WBGene00009204	F28C6.4	0.73	1.97	1.84
WBGene00003834	nxf-1	0.73	3.37	3.01
WBGene00000196	aars-1	0.73	1.64	1.28
WBGene00020722	T23B12.8	0.73	1.50	1.25
WBGene00010846	M04B2.2	0.73	2.79	2.56
WBGene00007907	C34B4.2	0.73	3.36	2.79
WBGene00001377	eya-1	0.73	3.13	3.20
WBGene00008216	C49G9.1	0.73	1.01	1.40
WBGene00022818	ZK783.3	0.73	2.67	2.90
WBGene00003554	nas-38	0.73	2.08	1.96
WBGene00010363	H04D03.2	0.73	3.13	3.08
WBGene00045366	Y17D7C.3	0.73	2.05	1.68
WBGene00002221	klp-10	0.74	3.97	4.12
WBGene00014814	R03D7.3	0.74	4.02	4.80
WBGene00015257	B0554.4	0.74	1.09	2.60
WBGene00011754	T13F3.7	0.74	1.66	1.74
WBGene00021995	Y59E9AL.5	0.74	3.36	3.87
WBGene00000645	col-69	0.74	3.90	3.46
WBGene00004190	pars-2	0.74	3.06	2.67
WBGene00004963	spe-9	0.74	3.10	3.07
WBGene00010754	K10G4.5	0.74	1.44	1.43
WBGene00016534	C39D10.7	0.74	2.89	2.49
WBGene00018370	F42H10.6	0.74	3.89	3.73
WBGene00018785	F54A3.6	0.75	2.74	2.85
WBGene00021443	Y39A3CL.7	0.75	2.63	2.08
WBGene00015608	math-3	0.75	2.90	2.16
WBGene00017758	F23H11.2	0.75	3.17	2.81
WBGene00007278	lab-1	0.75	2.19	1.81
WBGene00009528	F38A6.4	0.75	1.69	2.60
WBGene00014005	ZK593.9	0.75	3.05	3.00
WBGene00013027	Y49A3A.4	0.75	1.32	1.85
WBGene00009200	F28C1.1	0.75	2.86	2.54
WBGene00017427	acp-5	0.75	2.55	2.05
WBGene00000264	brc-1	0.75	1.62	1.62
WBGene00019959	R08E3.3	0.76	1.90	1.54
WBGene00019183	npr-30	0.76	3.02	2.80
WBGene00007681	C18D11.3	0.76	1.90	1.96
WBGene00013569	bath-36	0.76	2.34	2.24
WBGene00001258	emb-4	0.76	2.56	1.99
WBGene00015115	B0286.1	0.76	1.28	1.27
WBGene00023291	F53H1.2	0.76	2.09	2.08
WBGene00017829	F26F4.9	0.76	2.21	2.04
WBGene00012704	Y39C12A.1	0.76	1.88	1.73
WBGene00016111	C25H3.1	0.77	2.57	2.11
WBGene00003614	nhr-15	0.77	1.61	1.65
WBGene00022076	daao-1	0.77	3.50	3.07
WBGene00013204	Y54E5B.2	0.77	3.10	2.82
WBGene00013710	Y106G6G.1	0.78	3.19	2.99
WBGene00010948	M195.2	0.78	1.88	2.35
WBGene00011116	pdcd-2	0.78	3.47	2.95
WBGene00009257	F29G6.1	0.78	2.49	1.83
WBGene00012131	T28F3.5	0.78	3.80	3.18
WBGene00007614	gnrr-2	0.78	2.63	2.76
WBGene00016159	C27A12.9	0.78	1.78	1.68
WBGene00019572	K09E2.3	0.78	3.37	2.77
WBGene00017286	F09E5.8	0.78	2.63	2.39
WBGene00044073	tag-244	0.78	1.42	1.07
WBGene00014203	ZK1058.3	0.78	2.98	2.74
WBGene00022771	ZK616.1	0.78	3.89	3.34
WBGene00016992	zhit-1	0.79	1.38	1.42
WBGene00013531	Y73F8A.26	0.79	1.69	1.79
WBGene00044270	F35E2.10	0.79	2.20	1.85
WBGene00016755	C49A9.1	0.79	1.69	1.92
WBGene00007339	C05D12.1	0.79	2.54	2.89
WBGene00011610	T08D2.5	0.79	1.61	1.56
WBGene00013201	Y54E5A.6	0.79	3.30	2.97
WBGene00022325	fbxa-5	0.79	2.09	1.66
WBGene00019988	R09F10.5	0.79	1.01	1.39
WBGene00020883	fbxa-64	0.79	3.22	2.79
WBGene00020427	sav-1	0.79	2.88	2.57
WBGene00000122	aly-3	0.79	3.63	3.56
WBGene00006778	unc-42	0.79	2.68	2.57
WBGene00022648	ZK54.3	0.80	2.04	1.33
WBGene00008949	F19B6.3	0.80	1.59	1.85
WBGene00004026	phy-3	0.80	2.32	2.25
WBGene00010285	F58H1.2	0.80	1.28	2.44
WBGene00010972	R01H10.4	0.80	1.05	1.46
WBGene00004959	spe-5	0.81	2.63	2.63
WBGene00005832	srw-85	0.81	3.02	1.66
WBGene00008583	ugt-65	0.81	1.75	2.05
WBGene00020281	T06A4.1	0.81	3.54	4.47
WBGene00015077	B0238.13	0.81	3.84	3.31
WBGene00020843	T27A3.7	0.81	1.92	1.87
WBGene00044150	VB0395L.1	0.81	2.17	2.08
WBGene00020117	R155.3	0.81	3.45	3.05
WBGene00018738	F53B1.6	0.81	2.09	2.34
WBGene00019441	K06B9.4	0.81	2.49	2.07
WBGene00000380	cct-5	0.81	3.60	2.96
WBGene00023391	Y73B3A.t1	0.81	2.57	2.53
WBGene00016875	C52D10.1	0.82	1.22	1.24
WBGene00004702	rsp-5	0.82	1.62	1.72
WBGene00016438	C35B8.3	0.82	1.86	1.71
WBGene00020232	T05A8.6	0.82	2.36	3.13
WBGene00018472	nep-16	0.82	1.25	1.45
WBGene00022752	ZK484.6	0.82	2.35	2.28
WBGene00018101	math-27	0.82	2.75	1.96
WBGene00004205	psr-1	0.83	2.12	2.03
WBGene00008451	E01G6.3	0.83	2.18	1.93
WBGene00013255	Y57A10A.10	0.83	3.01	2.95
WBGene00008714	F11F1.1	0.83	1.82	1.47
WBGene00017349	farl-11	0.83	2.19	1.78
WBGene00010408	mboa-2	0.83	2.39	2.08
WBGene00010260	ddx-17	0.83	3.69	3.37
WBGene00021792	Y52D5A.1	0.83	2.96	2.99
WBGene00009943	F52G2.3	0.83	2.48	2.04
WBGene00019828	R02E12.4	0.84	2.74	2.29
WBGene00011367	snpc-3.4	0.84	3.04	2.81
WBGene00021434	Y39A3A.3	0.84	2.26	1.57
WBGene00001843	hgo-1	0.84	2.95	2.45
WBGene00012058	T26F2.2	0.84	3.02	2.75
WBGene00021595	Y46E12BL.2	0.84	3.78	3.15
WBGene00018641	F49E10.4	0.84	3.86	3.78
WBGene00009356	F33A8.10	0.84	2.49	3.33
WBGene00012374	W09H1.4	0.85	2.11	2.36
WBGene00012245	W04D2.6	0.85	3.76	3.22
WBGene00010245	F58D5.6	0.85	2.50	2.21
WBGene00003248	mig-17	0.85	1.58	1.34
WBGene00006910	vha-1	0.85	2.00	1.69
WBGene00019122	F59E12.6	0.85	3.60	3.31
WBGene00017605	F19F10.9	0.86	3.67	3.03
WBGene00022862	ZK1236.1	0.86	3.46	2.87
WBGene00007821	clec-201	0.86	3.19	2.86
WBGene00000375	cyp-44A1	0.86	2.95	2.52
WBGene00020571	lpr-7	0.86	1.68	1.26
WBGene00009593	mam-7	0.86	1.15	2.12
WBGene00018495	F46F5.4	0.86	1.80	2.13
WBGene00012251	clec-49	0.86	1.58	1.30
WBGene00195168	T13C5.9	0.86	1.46	2.41
WBGene00206413	ZK1240.11	0.86	2.33	1.79
WBGene00009629	sprr-2	0.86	1.72	1.53
WBGene00006954	wrt-8	0.87	2.55	2.38
WBGene00018174	F38B6.4	0.87	1.28	1.35
WBGene00019048	F58E2.4	0.87	2.55	2.62
WBGene00011042	R05H10.1	0.87	3.82	2.23
WBGene00022486	fbxa-61	0.87	2.05	1.54
WBGene00020075	math-35	0.87	2.85	2.08
WBGene00022612	ZC449.2	0.87	1.46	1.87
WBGene00016489	C36E6.1	0.87	1.86	1.65
WBGene00004064	pms-2	0.87	2.67	2.22
WBGene00003717	nhr-127	0.87	2.86	1.78
WBGene00017098	E02D9.1	0.87	2.10	2.04
WBGene00021329	Y34D9A.3	0.88	1.35	1.04
WBGene00010566	K04G2.7	0.88	2.56	2.58
WBGene00012671	Y39B6A.9	0.88	2.53	2.65
WBGene00194736	Y50D7A.12	0.88	2.46	3.91
WBGene00006442	tag-65	0.88	3.89	3.58
WBGene00017991	clec-180	0.88	2.09	2.31
WBGene00001711	grl-2	0.88	1.98	2.50
WBGene00020276	T05H4.15	0.88	3.15	2.03
WBGene00004186	prpf-4	0.88	3.84	3.38
WBGene00018492	hpo-26	0.88	3.57	3.48
WBGene00021552	zip-4	0.88	1.94	1.74
WBGene00009840	fbxa-189	0.88	2.33	1.88
WBGene00194849	K09A9.8	0.88	1.49	1.65
WBGene00000658	col-83	0.88	4.30	4.25
WBGene00013401	Y62H9A.13	0.89	2.16	2.90
WBGene00011926	sptf-2	0.89	1.46	1.39
WBGene00020467	T12F5.2	0.89	2.52	2.28
WBGene00012548	Y37D8A.6	0.89	2.66	2.95
WBGene00011024	R05A10.7	0.89	1.12	2.02
WBGene00010784	twk-48	0.89	3.46	3.83
WBGene00012872	Y45F10B.8	0.89	1.66	1.80
WBGene00011693	T10G3.2	0.89	1.34	2.32
WBGene00008284	C53D6.7	0.90	3.69	2.63
WBGene00001691	grd-2	0.90	3.41	4.49
WBGene00003775	nmr-2	0.90	2.97	3.31
WBGene00016811	C50D2.8	0.90	1.24	1.20
WBGene00021898	Y54G2A.36	0.90	3.06	3.37
WBGene00015673	C10E2.2	0.91	2.65	2.58
WBGene00010791	sodh-2	0.91	1.91	2.14
WBGene00012470	Y17G7B.19	0.91	3.10	2.48
WBGene00020256	T05C3.6	0.91	2.07	1.40
WBGene00020325	bath-46	0.91	1.80	1.01
WBGene00220259	ZK418.13	0.91	2.03	2.14
WBGene00022460	use-1	0.91	2.21	2.08
WBGene00001555	gcy-35	0.91	2.74	1.80
WBGene00008487	F01D4.3	0.91	3.17	2.52
WBGene00012629	Y38H6C.17	0.91	2.79	2.82
WBGene00001340	etr-1	0.91	3.45	3.17
WBGene00021921	Y55F3AM.3	0.91	4.51	3.87
WBGene00011564	ugt-50	0.91	3.85	3.55
WBGene00009123	F25H2.12	0.92	3.42	3.34
WBGene00001774	gst-26	0.92	1.84	1.75
WBGene00007764	C27B7.7	0.92	2.59	2.41
WBGene00044019	C55A6.12	0.92	1.66	1.39
WBGene00018118	F36H12.2	0.92	3.13	2.92
WBGene00007742	C26C6.8	0.92	2.32	2.70
WBGene00021510	frpr-19	0.92	3.28	3.13
WBGene00012171	W01B6.4	0.92	3.05	2.94
WBGene00016883	C52E2.4	0.93	2.20	1.61
WBGene00003670	nhr-80	0.93	2.57	2.01
WBGene00008897	F16H6.7	0.93	2.86	2.59
WBGene00010804	M01E5.1	0.93	2.69	2.74
WBGene00021349	arl-13	0.93	2.18	1.76
WBGene00021788	Y51H7C.10	0.93	2.22	2.45
WBGene00001723	grl-14	0.93	2.93	4.01
WBGene00022205	Y73B3A.3	0.93	2.17	2.27
WBGene00015792	C15C7.6	0.94	1.80	1.44
WBGene00012567	Y37H2A.7	0.94	2.76	2.45
WBGene00018829	F54E7.6	0.94	3.20	3.32
WBGene00010077	F55A11.4	0.94	2.73	2.49
WBGene00009611	F41D3.6	0.94	2.46	2.54
WBGene00012960	Y47H10A.4	0.94	1.59	1.35
WBGene00006725	ubl-1	0.94	2.91	2.90
WBGene00020265	fbxa-196	0.94	3.02	2.88
WBGene00001584	nrde-4	0.94	2.25	1.60
WBGene00013173	Y53F4B.27	0.95	1.93	2.68
WBGene00015796	C15F1.5	0.95	1.31	1.21
WBGene00015037	B0212.3	0.95	2.64	2.23
WBGene00044121	gcp-2.3	0.95	3.19	3.28
WBGene00006612	trf-1	0.95	2.75	2.68
WBGene00013612	fbxa-207	0.95	2.33	2.33
WBGene00008779	F14B4.1	0.95	2.34	2.40
WBGene00000250	bir-2	0.95	2.61	2.63
WBGene00011830	cyp-29A2	0.95	1.70	1.24
WBGene00021900	Y54H5A.2	0.95	2.20	1.94
WBGene00017332	ugt-37	0.95	2.70	2.02
WBGene00012917	Y46G5A.29	0.95	2.76	3.75
WBGene00021001	W03F9.3	0.95	2.19	2.57
WBGene00000963	dhp-1	0.95	3.26	3.45
WBGene00015473	C05D9.4	0.95	1.50	1.84
WBGene00011022	R05A10.5	0.96	2.37	3.08
WBGene00006621	try-3	0.96	1.97	1.48
WBGene00005602	srj-14	0.96	2.59	2.18
WBGene00003856	odr-10	0.96	1.86	1.97
WBGene00008421	D2030.12	0.96	1.91	1.85
WBGene00020985	W03D8.2	0.96	3.44	3.04
WBGene00021212	Y18H1A.8	0.96	1.46	1.53
WBGene00017288	F09E5.10	0.96	1.94	1.58
WBGene00001999	hrp-1	0.96	4.40	3.96
WBGene00219746	linc-91	0.97	1.68	2.15
WBGene00001368	exc-7	0.97	3.49	3.64
WBGene00020388	T10B5.2	0.97	1.72	1.97
WBGene00003525	nas-6	0.97	2.70	3.13
WBGene00019047	F58E2.3	0.97	2.53	2.48
WBGene00021565	Y45G12C.1	0.97	2.33	2.03
WBGene00010487	K02A11.2	0.97	2.12	1.78
WBGene00013326	anoh-2	0.97	3.41	3.29
WBGene00001478	fmo-3	0.97	1.76	1.89
WBGene00006935	vars-1	0.97	3.41	2.99
WBGene00000455	ceh-34	0.97	3.04	2.80
WBGene00004444	rpl-30	0.97	2.67	2.64
WBGene00008426	D2045.9	0.98	1.94	1.62
WBGene00021295	Y25C1A.8	0.98	3.41	3.41
WBGene00017078	D2096.11	0.98	3.41	3.32
WBGene00015540	sams-4	0.98	4.39	4.86
WBGene00015279	C01B10.4	0.98	1.54	1.28
WBGene00013611	Y102A5C.2	0.98	1.08	1.26
WBGene00013031	Y49E10.7	0.98	1.89	1.88
WBGene00015306	C01G5.4	0.98	3.48	3.58
WBGene00009230	oac-18	0.99	3.09	2.60
WBGene00206420	T26G10.7	0.99	2.44	2.62
WBGene00008754	F13E9.5	0.99	3.36	2.74
WBGene00021504	Y41D4A.1	0.99	2.63	2.65
WBGene00021265	Y22D7AR.12	0.99	2.62	2.50
WBGene00017108	cyp-43A1	0.99	1.68	1.54
WBGene00009530	F38B2.3	0.99	2.54	1.90
WBGene00003547	nas-29	0.99	2.77	2.84
WBGene00006359	swp-1	0.99	3.28	2.72
WBGene00044720	Y53F4B.42	0.99	3.75	3.43
WBGene00019653	K11G9.2	0.99	1.81	1.54
WBGene00022683	ZK185.3	1.00	2.36	1.92
WBGene00008023	C39B10.3	1.00	3.27	3.64
WBGene00015630	C09B9.7	1.00	3.53	3.51
WBGene00008076	lgc-43	1.00	2.14	1.94
WBGene00007715	C25D7.2	1.00	2.97	2.57
WBGene00018658	bath-22	1.00	1.73	1.66
WBGene00014076	ZK792.1	1.00	2.01	1.95
WBGene00016069	C24H10.3	1.00	1.70	2.45
WBGene00014112	ZK856.11	1.00	1.71	1.59
WBGene00015130	vps-33.1	1.00	3.41	2.64
WBGene00006634	tsp-8	1.00	2.76	2.46
WBGene00017153	E_BE45912.2	1.00	2.28	2.33
WBGene00008693	F11C1.4	1.01	3.51	3.18
WBGene00004903	snf-4	1.01	3.13	2.77
WBGene00011572	mam-5	1.01	1.87	2.54
WBGene00017512	nhr-179	1.01	2.45	1.73
WBGene00013436	Y66D12A.10	1.01	3.50	3.18
WBGene00014235	ZK1225.1	1.01	2.27	2.05
WBGene00012777	lact-8	1.01	3.07	3.34
WBGene00044764	W01A8.7	1.01	2.88	2.20
WBGene00019466	tos-1	1.01	2.13	2.05
WBGene00004491	rps-22	1.01	2.93	2.92
WBGene00014998	AH9.1	1.02	2.20	2.39
WBGene00007745	C26D10.4	1.02	2.01	1.55
WBGene00014801	K08E5.1	1.02	2.31	1.78
WBGene00012639	fezf-1	1.02	2.72	3.04
WBGene00012679	Y39B6A.18	1.03	2.86	2.47
WBGene00000634	col-58	1.03	2.53	2.52
WBGene00003673	nhr-83	1.03	2.21	1.85
WBGene00017535	atf-8	1.03	2.69	2.62
WBGene00017051	afmd-1	1.03	1.62	1.28
WBGene00020139	T01B11.2	1.03	3.13	1.97
WBGene00015116	B0286.3	1.03	2.15	1.89
WBGene00013510	Y71A12B.13	1.03	3.02	2.66
WBGene00013866	cbs-1	1.03	3.25	1.90
WBGene00015371	C03A7.13	1.04	2.34	2.39
WBGene00164985	ZK1010.10	1.04	3.60	3.13
WBGene00022227	Y73B3B.5	1.04	1.96	1.91
WBGene00017877	F28A10.9	1.04	2.16	1.84
WBGene00014660	B0457.3	1.05	3.13	3.13
WBGene00007425	C08B6.4	1.05	1.88	2.01
WBGene00010447	K01A6.5	1.05	2.94	2.64
WBGene00018960	F56D1.2	1.05	3.49	3.02
WBGene00010004	F53H2.1	1.05	1.44	2.47
WBGene00009846	F48F5.2	1.05	3.48	3.55
WBGene00010538	ttr-3	1.05	2.94	2.51
WBGene00010364	H04D03.3	1.06	3.64	3.57
WBGene00017392	basl-2	1.06	2.93	2.77
WBGene00019913	R06B10.2	1.06	3.00	2.87
WBGene00000447	ceh-24	1.07	3.33	3.27
WBGene00007599	C15A11.7	1.07	3.17	2.42
WBGene00021082	zip-11	1.07	2.48	2.59
WBGene00000241	bbs-1	1.07	3.70	2.73
WBGene00010897	lact-3	1.07	3.37	2.45
WBGene00206355	C34C6.10	1.07	2.97	2.65
WBGene00018235	F40E12.2	1.07	3.19	2.61
WBGene00014667	C06A1.4	1.08	4.12	3.86
WBGene00003604	nhr-5	1.08	3.81	3.13
WBGene00013592	Y81G3A.4	1.08	1.27	1.52
WBGene00017082	DC2.5	1.08	2.52	1.25
WBGene00011675	cyp-13A3	1.08	2.18	2.95
WBGene00020743	mam-8	1.08	2.11	2.60
WBGene00004395	rol-3	1.09	2.02	1.54
WBGene00014184	ZK1025.4	1.09	2.09	2.69
WBGene00022616	hsd-3	1.09	2.78	2.06
WBGene00018576	F47G3.1	1.09	4.02	3.30
WBGene00008512	F01G10.10	1.09	2.88	3.42
WBGene00021122	W09G12.8	1.09	1.46	1.97
WBGene00022819	ZK783.5	1.09	3.13	3.67
WBGene00007902	C33D9.9	1.09	2.04	1.71
WBGene00020011	R11G1.2	1.10	2.11	2.20
WBGene00015602	fbxa-158	1.10	2.92	3.01
WBGene00013249	Y57A10A.4	1.10	2.67	2.66
WBGene00011178	R09E10.9	1.10	2.96	2.29
WBGene00021121	W09G12.7	1.11	4.20	4.38
WBGene00012582	clec-8	1.11	2.11	1.99
WBGene00016211	sdz-3	1.11	2.76	3.08
WBGene00018855	F55A4.3	1.11	4.20	4.26
WBGene00018040	F35D2.2	1.12	2.18	3.22
WBGene00018630	F49D11.6	1.12	1.86	2.81
WBGene00000624	col-47	1.12	3.74	4.24
WBGene00019899	R05G6.5	1.12	2.41	2.44
WBGene00015852	C16C8.14	1.12	2.77	2.75
WBGene00017439	F13H8.6	1.13	1.96	1.44
WBGene00008763	F13G3.3	1.13	2.22	1.56
WBGene00007264	C02F4.4	1.13	1.78	3.37
WBGene00020699	T22F3.10	1.13	3.31	3.23
WBGene00014790	H03G16.3	1.13	2.96	2.69
WBGene00021755	hpo-38	1.13	4.12	3.55
WBGene00019655	K11G9.5	1.13	2.08	1.13
WBGene00002188	kgb-2	1.13	2.20	2.00
WBGene00011059	R06C1.4	1.13	2.00	2.26
WBGene00017382	F11D5.5	1.14	2.21	1.58
WBGene00020728	T23E1.1	1.14	2.60	2.43
WBGene00006865	slcf-2	1.14	1.64	1.78
WBGene00194737	Y50D7A.13	1.14	2.73	4.58
WBGene00077772	T02G6.10	1.14	2.37	1.91
WBGene00012526	Y32B12C.3	1.15	1.98	1.97
WBGene00022211	Y73B3A.9	1.15	3.61	2.70
WBGene00045481	M153.5	1.16	1.86	2.46
WBGene00044383	T05A7.11	1.16	2.39	2.62
WBGene00015822	C16B8.2	1.16	1.98	1.91
WBGene00044480	ZK185.4	1.17	1.29	1.62
WBGene00235269	F59E12.15	1.17	3.80	3.52
WBGene00019976	fbxa-195	1.17	3.47	3.36
WBGene00011554	T07A5.1	1.17	3.40	3.27
WBGene00013933	clec-99	1.17	2.63	2.43
WBGene00007853	C31G12.4	1.17	3.81	3.74
WBGene00016780	C49G7.1	1.18	2.76	2.55
WBGene00002026	hsp-70	1.18	2.69	2.38
WBGene00020664	T21H3.5	1.18	2.66	2.85
WBGene00014236	ZK1225.2	1.18	2.60	2.23
WBGene00010072	F54F12.1	1.18	3.41	2.68
WBGene00003683	nhr-93	1.18	1.88	2.11
WBGene00021416	mksr-2	1.19	2.31	2.27
WBGene00045108	H01G02.4	1.19	2.11	2.44
WBGene00020436	T12A2.1	1.19	3.66	2.87
WBGene00018574	F47F6.4	1.19	2.65	2.16
WBGene00021889	Y54G2A.24	1.19	2.81	2.87
WBGene00014516	hpo-42	1.19	2.45	1.49
WBGene00017731	F23C8.1	1.19	2.76	2.47
WBGene00008144	gasr-8	1.20	3.37	3.32
WBGene00005085	srd-7	1.20	1.14	2.18
WBGene00022725	ZK381.2	1.20	1.50	1.82
WBGene00022854	cin-4	1.20	4.13	3.86
WBGene00014228	mett-10	1.20	1.56	1.35
WBGene00010877	lact-4	1.20	1.92	1.25
WBGene00021949	clec-164	1.20	2.56	1.93
WBGene00008892	clec-246	1.21	2.92	3.18
WBGene00021249	Y22D7AL.11	1.21	2.07	2.34
WBGene00015526	C06E1.11	1.21	2.27	2.50
WBGene00016515	C38C3.7	1.21	3.99	3.87
WBGene00001079	dpy-20	1.21	2.98	3.50
WBGene00013153	Y53F4B.6	1.21	3.62	3.22
WBGene00000050	acr-11	1.21	1.66	1.49
WBGene00007891	C33B4.2	1.22	2.12	3.28
WBGene00008788	F14D7.1	1.22	3.31	3.30
WBGene00021866	Y54F10BM.12	1.22	1.80	1.81
WBGene00003523	nas-4	1.22	2.93	3.23
WBGene00005611	srj-23	1.22	3.50	3.32
WBGene00013036	fbxa-218	1.22	2.59	2.29
WBGene00018804	F54D10.3	1.22	3.07	2.66
WBGene00020090	R119.5	1.22	2.62	2.52
WBGene00013562	Y75B8A.32	1.23	3.56	3.29
WBGene00005650	srp-9	1.24	3.04	2.69
WBGene00014681	C25D7.14	1.24	3.05	2.70
WBGene00020785	T25B2.1	1.24	2.31	3.56
WBGene00009354	F33A8.6	1.24	3.08	2.82
WBGene00012189	W02A2.4	1.25	4.41	4.90
WBGene00004905	snf-6	1.25	3.13	3.05
WBGene00015990	C18H2.3	1.25	3.09	3.13
WBGene00016983	C56G2.15	1.25	2.40	2.39
WBGene00021418	Y38F2AL.6	1.25	1.70	2.35
WBGene00010686	K08F9.3	1.25	1.48	1.58
WBGene00019532	K08D10.9	1.25	2.08	1.81
WBGene00011789	T15H9.4	1.26	2.94	3.21
WBGene00023502	clec-184	1.26	2.40	2.34
WBGene00011594	T07G12.3	1.26	1.46	2.00
WBGene00021519	Y41D4B.17	1.27	2.31	2.22
WBGene00010334	del-5	1.28	2.31	1.52
WBGene00000248	ben-1	1.28	3.56	3.29
WBGene00015311	C01G5.9	1.28	2.05	1.54
WBGene00219803	C06A1.12	1.28	3.85	3.22
WBGene00003649	nhr-59	1.29	2.76	2.53
WBGene00021596	spsb-2	1.29	2.62	2.11
WBGene00012242	srt-39	1.30	2.22	2.00
WBGene00014117	clec-91	1.30	2.38	2.38
WBGene00015118	B0294.3	1.30	4.13	4.13
WBGene00009030	clec-233	1.30	2.18	1.82
WBGene00003702	nhr-112	1.31	2.72	1.99
WBGene00018345	F42C5.3	1.31	2.53	2.47
WBGene00045415	Y43F8B.15	1.32	3.32	2.41
WBGene00005271	srh-48	1.32	2.18	1.84
WBGene00021711	wago-11	1.32	3.01	3.34
WBGene00002051	ifa-3	1.33	2.85	2.41
WBGene00195253	H16D19.5	1.33	1.31	1.60
WBGene00006652	ttx-1	1.33	3.78	3.94
WBGene00013383	aptf-2	1.33	3.54	3.13
WBGene00012046	T26E4.4	1.33	2.70	2.91
WBGene00012426	Y11D7A.1	1.34	3.17	3.18
WBGene00012170	W01B6.3	1.35	3.14	3.04
WBGene00017450	bath-27	1.35	2.44	2.31
WBGene00022561	btb-13	1.36	1.57	1.79
WBGene00017352	F10E7.11	1.36	3.14	3.01
WBGene00000702	col-128	1.36	2.83	2.76
WBGene00015260	B0554.7	1.36	4.09	3.59
WBGene00012473	Y17G7B.22	1.36	3.05	2.57
WBGene00017803	F26A1.4	1.37	3.15	3.33
WBGene00219207	C01F6.14	1.37	1.42	1.37
WBGene00007800	C29A12.6	1.37	2.56	3.50
WBGene00011549	T06G6.8	1.37	4.05	3.67
WBGene00014643	B0391.8	1.37	2.47	2.13
WBGene00008695	F11C3.1	1.37	2.85	2.45
WBGene00044492	Y54G2A.49	1.37	1.47	1.29
WBGene00023415	F16C3.3	1.38	1.93	1.62
WBGene00014641	B0285.11	1.38	3.49	2.81
WBGene00008870	F15H9.1	1.38	2.35	2.17
WBGene00020034	R12E2.8	1.39	1.79	2.05
WBGene00007378	C06C3.8	1.39	3.88	3.09
WBGene00016670	ilys-3	1.39	3.94	3.07
WBGene00021630	Y47D9A.3	1.39	3.21	2.74
WBGene00022626	ZC513.1	1.40	2.42	2.85
WBGene00000864	cya-2	1.40	3.25	3.44
WBGene00012333	sre-43	1.41	2.33	1.85
WBGene00012103	clec-12	1.41	2.32	1.89
WBGene00014052	ZK669.2	1.41	1.35	2.05
WBGene00014978	ZC47.8	1.41	2.72	2.01
WBGene00011483	T05E11.7	1.42	3.02	2.43
WBGene00019150	H04J21.1	1.42	4.03	3.82
WBGene00016088	clec-266	1.42	2.81	2.05
WBGene00015465	C05C8.8	1.43	2.92	2.65
WBGene00021819	Y53G8B.3	1.43	3.12	3.16
WBGene00013963	sulp-8	1.43	2.01	1.61
WBGene00010455	K01B6.4	1.43	1.09	2.60
WBGene00018607	F48E3.8	1.43	2.04	2.31
WBGene00019448	frpr-13	1.44	2.08	2.17
WBGene00010636	K07F5.8	1.44	3.08	2.97
WBGene00011063	cpg-3	1.44	2.99	2.55
WBGene00016884	C52E2.5	1.45	3.15	2.49
WBGene00020342	fbxa-201	1.45	3.04	3.16
WBGene00020419	acdh-4	1.46	2.93	2.38
WBGene00022439	Y110A2AL.2	1.47	5.25	3.64
WBGene00006960	xbx-1	1.47	4.03	3.98
WBGene00010311	F59B2.9	1.48	1.60	1.66
WBGene00008961	F19H6.6	1.48	3.17	2.33
WBGene00018615	F48G7.4	1.49	2.38	2.34
WBGene00012449	nhr-231	1.49	2.00	1.62
WBGene00044262	Y95D11A.2	1.49	1.64	2.44
WBGene00008095	C44H4.6	1.50	3.89	4.23
WBGene00007341	C05D12.4	1.50	3.35	1.87
WBGene00008349	CE7X_3.1	1.50	3.58	3.66
WBGene00018125	rmd-4	1.52	1.74	2.37
WBGene00007948	C35A5.4	1.52	3.45	4.04
WBGene00006766	unc-30	1.52	4.92	4.64
WBGene00013495	clec-236	1.53	3.23	3.20
WBGene00007461	C08F11.14	1.53	2.93	2.39
WBGene00021308	Y32G9A.11	1.53	3.57	3.47
WBGene00019019	frpr-10	1.54	3.08	2.59
WBGene00016340	gba-2	1.55	3.70	3.54
WBGene00012656	Y39A1A.18	1.56	2.45	3.13
WBGene00017258	F08F1.4	1.56	1.02	1.47
WBGene00018852	F55A3.7	1.56	2.41	2.16
WBGene00004275	rab-11.2	1.57	2.91	2.39
WBGene00000490	che-11	1.57	2.03	2.50
WBGene00015433	C04E12.2	1.58	4.22	2.71
WBGene00020468	T13A10.1	1.58	1.39	1.63
WBGene00021520	Y41D4B.18	1.58	1.84	1.24
WBGene00008708	F11E6.4	1.60	2.15	1.90
WBGene00011405	clec-155	1.60	3.96	3.67
WBGene00010457	K01C8.2	1.65	2.87	2.93
WBGene00021489	Y40B10A.4	1.66	3.41	2.93
WBGene00175031	C06C3.12	1.66	3.84	2.94
WBGene00012690	Y39B6A.31	1.66	3.46	2.84
WBGene00004103	pqn-11	1.66	2.72	2.78
WBGene00008895	F16H6.5	1.67	3.21	2.87
WBGene00044448	ZK783.6	1.68	2.20	1.92
WBGene00010095	F55C5.6	1.68	3.23	3.02
WBGene00009411	F35E2.3	1.69	2.23	2.26
WBGene00021747	Y50D4C.2	1.70	3.33	3.28
WBGene00011053	arrd-12	1.72	1.91	1.50
WBGene00021610	nhr-237	1.72	4.14	3.52
WBGene00021302	Y32G9A.3	1.72	3.65	3.81
WBGene00021581	clec-70	1.72	1.44	3.26
WBGene00012745	Y40H7A.7	1.72	2.55	3.58
WBGene00007181	B0462.1	1.72	3.67	3.19
WBGene00021273	Y23H5B.2	1.75	3.65	3.43
WBGene00017764	F25A2.1	1.75	2.37	1.48
WBGene00014809	M142.3	1.76	3.42	2.95
WBGene00015006	B0041.1	1.77	3.16	3.16
WBGene00044909	C48D1.7	1.77	1.68	1.71
WBGene00008896	F16H6.6	1.79	3.44	2.62
WBGene00019506	K07H8.5	1.81	3.21	2.39
WBGene00014886	Y41E3.5	1.82	4.31	3.48
WBGene00014777	F58A4.12	1.88	3.37	3.18
WBGene00018856	F55A4.4	1.89	4.47	3.44
WBGene00007151	B0365.2	1.90	1.47	1.90
WBGene00019917	clec-43	1.91	4.07	5.18
WBGene00044616	M01A12.4	1.92	3.46	2.87
WBGene00006285	str-259	1.93	2.55	3.12
WBGene00044430	T23F4.5	1.95	2.73	2.30
WBGene00021032	clec-118	1.98	3.03	3.59
WBGene00021653	Y47G6A.30	2.02	3.01	1.44
WBGene00014032	ZK637.15	2.02	2.08	2.13
WBGene00007300	C04F12.6	2.03	3.79	3.78
WBGene00003462	msp-74	2.08	3.11	2.80
WBGene00011515	oac-42	2.12	1.11	2.08
WBGene00011617	T08G3.4	2.15	3.99	3.52
WBGene00011078	R07B1.6	2.16	3.23	4.35
WBGene00022487	fbxa-21	2.19	3.26	3.46
WBGene00022763	ZK546.7	2.20	4.31	3.20
WBGene00015436	C04E12.6	2.23	3.14	1.88
WBGene00003437	msp-42	2.25	3.30	2.74
WBGene00000012	abf-1	#N/A	2.30	1.95
WBGene00018982	abt-6	#N/A	2.09	2.18
WBGene00000133	amt-1	#N/A	3.69	3.29
WBGene00219589	anr-35	#N/A	4.24	4.34
WBGene00015440	arrd-20	#N/A	3.43	2.81
WBGene00007138	B0285.6	#N/A	2.13	1.74
WBGene00020046	best-16	#N/A	2.80	2.62
WBGene00007229	C01G6.9	#N/A	1.90	1.99
WBGene00007273	C03C10.7	#N/A	3.85	3.53
WBGene00007281	C03E10.3	#N/A	2.41	1.97
WBGene00007289	C04B4.1	#N/A	2.37	3.75
WBGene00015439	C04E12.10	#N/A	3.44	1.87
WBGene00007376	C06C3.5	#N/A	3.01	2.30
WBGene00007377	C06C3.7	#N/A	1.87	1.63
WBGene00015564	C07D8.5	#N/A	3.08	3.05
WBGene00007418	C07E3.8	#N/A	2.70	2.06
WBGene00015570	C07F11.2	#N/A	1.72	1.79
WBGene00015576	C07G3.8	#N/A	2.46	1.84
WBGene00015588	C08A9.8	#N/A	5.06	4.07
WBGene00015614	C08G5.1	#N/A	2.12	1.88
WBGene00014673	C08H9.9	#N/A	4.11	2.95
WBGene00044295	C09E7.10	#N/A	2.02	1.71
WBGene00015639	C09E7.5	#N/A	2.75	1.99
WBGene00015640	C09E7.6	#N/A	3.97	2.63
WBGene00206538	C09G5.13	#N/A	2.38	2.40
WBGene00015662	C10A4.1	#N/A	2.10	1.57
WBGene00015663	C10A4.2	#N/A	2.46	2.60
WBGene00007521	C11E4.7	#N/A	2.69	3.23
WBGene00015750	C14A11.5	#N/A	2.03	1.94
WBGene00015788	C15B12.8	#N/A	2.45	2.19
WBGene00015879	C17B7.5	#N/A	2.82	1.96
WBGene00007654	C17H1.1	#N/A	3.75	3.72
WBGene00016070	C24H10.4	#N/A	2.53	2.89
WBGene00016306	C32B5.13	#N/A	5.03	2.13
WBGene00023245	C33E10.3	#N/A	2.42	2.10
WBGene00016467	C36B7.4	#N/A	3.49	3.25
WBGene00016488	C36C9.5	#N/A	2.62	2.78
WBGene00008024	C39B10.4	#N/A	3.21	2.67
WBGene00016580	C42C1.2	#N/A	1.68	1.77
WBGene00016637	C44B12.3	#N/A	2.97	3.03
WBGene00044462	C44B12.9	#N/A	2.34	2.52
WBGene00016694	C45H4.13	#N/A	2.92	2.83
WBGene00044567	C46C11.4	#N/A	3.03	2.08
WBGene00008161	C47F8.5	#N/A	1.91	3.31
WBGene00044161	C47G2.8	#N/A	3.68	3.56
WBGene00016863	C52A10.2	#N/A	3.07	3.75
WBGene00195192	C54F6.16	#N/A	4.49	5.09
WBGene00043065	C55C3.7	#N/A	2.36	3.92
WBGene00016976	C56E10.3	#N/A	2.77	2.23
WBGene00021125	ccb-2	#N/A	2.26	1.53
WBGene00017136	ccpp-6	#N/A	1.89	1.68
WBGene00010799	chil-12	#N/A	2.20	1.64
WBGene00012502	clec-107	#N/A	3.54	3.32
WBGene00009822	clec-113	#N/A	3.69	3.53
WBGene00018050	clec-139	#N/A	2.62	2.43
WBGene00007729	clec-185	#N/A	2.83	2.13
WBGene00017824	clec-217	#N/A	2.04	3.01
WBGene00008374	clec-220	#N/A	3.26	2.56
WBGene00013470	clec-243	#N/A	3.28	3.48
WBGene00014842	clec-30	#N/A	2.09	1.75
WBGene00009860	clec-32	#N/A	3.50	3.00
WBGene00019928	clec-44	#N/A	4.30	2.56
WBGene00044343	clec-77	#N/A	4.09	3.11
WBGene00000724	col-151	#N/A	3.01	2.41
WBGene00000654	col-78	#N/A	3.61	1.86
WBGene00000662	col-87	#N/A	4.15	4.11
WBGene00008351	cTel7X.1	#N/A	4.14	3.73
WBGene00013145	cutl-2	#N/A	2.86	1.78
WBGene00011009	cyp-14A4	#N/A	2.44	1.89
WBGene00018326	cyp-25A5	#N/A	3.66	3.75
WBGene00021168	cyp-33C12	#N/A	1.81	1.67
WBGene00008055	cyp-34A3	#N/A	4.28	3.73
WBGene00000906	daf-10	#N/A	2.66	1.56
WBGene00000972	dhs-8	#N/A	3.15	2.42
WBGene00001103	dsl-1	#N/A	3.28	3.77
WBGene00001105	dsl-3	#N/A	2.09	2.18
WBGene00001111	duo-2	#N/A	3.78	3.60
WBGene00018906	egas-4	#N/A	3.38	2.23
WBGene00016600	ets-5	#N/A	3.53	3.24
WBGene00017259	F08F1.9	#N/A	2.47	2.87
WBGene00017287	F09E5.9	#N/A	1.47	1.51
WBGene00044184	F11A5.16	#N/A	3.39	3.32
WBGene00017383	F11D5.6	#N/A	3.52	4.55
WBGene00008758	F13E9.9	#N/A	4.25	2.74
WBGene00017451	F14D2.2	#N/A	1.49	1.54
WBGene00008833	F14H8.2	#N/A	1.95	2.46
WBGene00008879	F16B12.1	#N/A	2.16	1.59
WBGene00201125	F17A9.7	#N/A	3.90	4.50
WBGene00023270	F17E9.14	#N/A	2.14	2.27
WBGene00009070	F23A7.5	#N/A	2.71	2.22
WBGene00045138	F25H2.14	#N/A	3.09	2.75
WBGene00045393	F26D11.13	#N/A	2.43	2.27
WBGene00017849	F27B3.7	#N/A	2.20	2.35
WBGene00235292	F28E10.16	#N/A	1.89	2.57
WBGene00017927	F29C4.4	#N/A	2.15	2.49
WBGene00017956	F31E8.6	#N/A	3.91	3.14
WBGene00009312	F32B4.1	#N/A	1.02	1.77
WBGene00009332	F32D8.8	#N/A	1.94	1.52
WBGene00018108	F36H5.10	#N/A	2.82	2.95
WBGene00206519	F36H5.13	#N/A	5.08	4.22
WBGene00194955	F37H8.6	#N/A	1.94	1.55
WBGene00009519	F38A1.6	#N/A	2.77	3.79
WBGene00018255	F40H6.5	#N/A	2.24	1.49
WBGene00018278	F41C6.4	#N/A	2.08	2.69
WBGene00009646	F42H11.1	#N/A	3.04	3.18
WBGene00018382	F43C11.5	#N/A	3.80	3.92
WBGene00009651	F43D2.2	#N/A	4.06	2.96
WBGene00018429	F44E7.7	#N/A	2.53	1.84
WBGene00077436	F46B3.22	#N/A	4.58	5.89
WBGene00009786	F46F2.1	#N/A	2.50	2.30
WBGene00018537	F47B7.6	#N/A	3.04	2.79
WBGene00009864	F49B2.4	#N/A	2.92	2.20
WBGene00018752	F53C3.8	#N/A	2.63	2.89
WBGene00077786	F53F8.7	#N/A	1.85	2.76
WBGene00018772	F53G12.4	#N/A	1.82	2.05
WBGene00018774	F53G12.9	#N/A	2.41	2.26
WBGene00018767	F53G2.2	#N/A	3.12	3.19
WBGene00018770	F53G2.8	#N/A	2.90	3.06
WBGene00010027	F54B11.4	#N/A	2.55	2.86
WBGene00018813	F54D11.3	#N/A	2.99	2.72
WBGene00018838	F54G2.2	#N/A	4.27	3.88
WBGene00018842	F54H12.2	#N/A	3.23	3.39
WBGene00010119	F55G7.1	#N/A	2.27	2.61
WBGene00019029	F58B6.1	#N/A	2.88	1.88
WBGene00044308	F58F9.10	#N/A	3.50	2.77
WBGene00013615	fbxa-110	#N/A	1.44	2.54
WBGene00014907	fbxa-117	#N/A	2.30	2.93
WBGene00007163	fbxa-154	#N/A	3.24	2.89
WBGene00017117	fbxb-80	#N/A	4.08	2.29
WBGene00045298	fbxc-12	#N/A	4.26	3.38
WBGene00020361	fbxc-19	#N/A	2.65	2.64
WBGene00021297	fbxc-55	#N/A	2.97	2.25
WBGene00016305	fbxc-57	#N/A	3.59	3.03
WBGene00001543	gcy-18	#N/A	3.29	2.81
WBGene00001551	gcy-31	#N/A	2.15	1.32
WBGene00001554	gcy-34	#N/A	3.56	4.06
WBGene00001533	gcy-6	#N/A	3.73	2.78
WBGene00001536	gcy-9	#N/A	1.34	1.55
WBGene00001614	glr-3	#N/A	2.51	2.31
WBGene00001619	glr-8	#N/A	2.86	2.48
WBGene00001626	gly-1	#N/A	2.80	3.77
WBGene00001696	grd-7	#N/A	3.61	3.58
WBGene00001792	gst-44	#N/A	3.58	2.70
WBGene00019144	H01M10.2	#N/A	1.88	2.22
WBGene00045092	H06I04.9	#N/A	3.13	1.81
WBGene00019267	H39E20.1	#N/A	5.05	4.15
WBGene00008048	hpo-41	#N/A	3.79	3.38
WBGene00017973	ift-81	#N/A	1.79	1.53
WBGene00018727	jbts-14	#N/A	2.00	1.58
WBGene00010463	K01D12.3	#N/A	1.93	1.67
WBGene00010518	K02E11.9	#N/A	3.30	3.19
WBGene00219236	K03B4.9	#N/A	2.79	2.29
WBGene00019379	K04A8.10	#N/A	2.61	1.71
WBGene00019375	K04A8.3	#N/A	1.58	2.27
WBGene00019384	K04F1.1	#N/A	1.81	2.22
WBGene00019422	K05G3.1	#N/A	4.80	2.71
WBGene00023428	K07C5.10	#N/A	3.14	3.06
WBGene00010654	K08C9.7	#N/A	3.10	3.56
WBGene00019524	K08D9.2	#N/A	3.27	3.19
WBGene00019569	K09D9.12	#N/A	3.60	3.66
WBGene00010761	K10H10.5	#N/A	1.98	1.68
WBGene00002218	klp-6	#N/A	2.48	2.32
WBGene00002976	lev-9	#N/A	1.66	1.86
WBGene00020048	lgc-12	#N/A	2.15	1.36
WBGene00011356	lgc-15	#N/A	4.34	4.00
WBGene00002987	lim-4	#N/A	3.32	2.56
WBGene00219665	linc-101	#N/A	2.67	3.13
WBGene00009727	lips-1	#N/A	1.82	1.63
WBGene00019735	M02F4.1	#N/A	3.52	3.91
WBGene00021175	math-46	#N/A	3.68	2.64
WBGene00016737	miro-2	#N/A	4.06	4.00
WBGene00018042	mks-3	#N/A	2.51	2.20
WBGene00021451	mltn-8	#N/A	1.69	1.70
WBGene00003420	msh-4	#N/A	2.02	1.91
WBGene00015901	nhr-158	#N/A	2.26	1.86
WBGene00020555	nhr-219	#N/A	2.95	2.54
WBGene00021848	nhr-239	#N/A	3.01	2.95
WBGene00003663	nhr-73	#N/A	2.07	2.43
WBGene00003774	nmr-1	#N/A	2.59	1.58
WBGene00008475	oac-13	#N/A	2.99	3.19
WBGene00018142	oac-22	#N/A	3.48	2.78
WBGene00009972	oac-33	#N/A	2.08	1.86
WBGene00011933	oac-47	#N/A	2.70	2.40
WBGene00003840	ocr-3	#N/A	3.09	2.38
WBGene00003885	osm-5	#N/A	2.66	2.97
WBGene00003938	pax-2	#N/A	3.86	3.99
WBGene00003939	pax-3	#N/A	2.33	1.99
WBGene00004009	pgp-15	#N/A	3.02	1.85
WBGene00004054	pme-6	#N/A	1.94	1.71
WBGene00013336	pnc-2	#N/A	2.55	3.06
WBGene00004211	ptd-2	#N/A	2.14	1.97
WBGene00019856	R03H10.4	#N/A	2.19	3.26
WBGene00011168	R09D1.12	#N/A	2.76	1.85
WBGene00011210	R10E8.4	#N/A	3.39	2.61
WBGene00013652	sams-2	#N/A	5.01	2.93
WBGene00009425	scl-16	#N/A	1.75	1.63
WBGene00004877	smf-2	#N/A	2.32	2.36
WBGene00005528	sri-16	#N/A	2.22	2.47
WBGene00005542	sri-30	#N/A	2.79	2.03
WBGene00005558	sri-46	#N/A	4.49	3.46
WBGene00018558	srt-20	#N/A	2.57	1.71
WBGene00006435	stdh-4	#N/A	3.07	2.99
WBGene00020154	T01G6.10	#N/A	2.98	3.24
WBGene00020179	T02H6.9	#N/A	2.43	2.56
WBGene00200919	T04C9.11	#N/A	4.99	4.87
WBGene00020221	T05A7.3	#N/A	2.35	2.45
WBGene00020238	T05B4.4	#N/A	2.25	2.14
WBGene00020266	T05H4.3	#N/A	1.83	2.08
WBGene00020267	T05H4.4	#N/A	2.75	1.63
WBGene00011593	T07G12.2	#N/A	2.76	3.75
WBGene00020338	T08A9.6	#N/A	3.08	2.42
WBGene00045339	T10H4.13	#N/A	2.43	2.75
WBGene00020578	T19D12.3	#N/A	2.07	1.63
WBGene00020614	T20D4.8	#N/A	3.62	2.63
WBGene00020650	T21D12.11	#N/A	2.57	2.43
WBGene00164972	T21E8.7	#N/A	2.51	2.52
WBGene00011948	T23F1.5	#N/A	2.21	2.74
WBGene00219243	T23G4.127	#N/A	3.28	3.62
WBGene00020759	T24C4.3	#N/A	2.39	2.60
WBGene00020825	T26A8.2	#N/A	2.86	2.18
WBGene00012047	T26E4.5	#N/A	3.35	3.49
WBGene00044976	T26H2.10	#N/A	3.96	4.09
WBGene00020834	T27A1.2	#N/A	1.60	1.79
WBGene00020885	T28B4.2	#N/A	2.25	2.60
WBGene00017120	tctn-1	#N/A	2.00	1.69
WBGene00020594	ugt-10	#N/A	3.55	2.43
WBGene00015694	ugt-27	#N/A	2.40	3.08
WBGene00011453	ugt-56	#N/A	2.37	1.75
WBGene00006894	ver-1	#N/A	2.22	2.85
WBGene00012218	W02H3.2	#N/A	2.85	2.86
WBGene00012254	W04E12.9	#N/A	2.30	1.48
WBGene00215616	W04G3.17	#N/A	1.67	1.70
WBGene00012266	W04G5.5	#N/A	2.48	2.53
WBGene00012268	W04G5.8	#N/A	2.50	2.26
WBGene00021041	W05G11.4	#N/A	3.20	3.87
WBGene00021045	W05H7.2	#N/A	1.19	1.86
WBGene00012373	W09H1.3	#N/A	2.62	2.30
WBGene00022877	wago-5	#N/A	2.63	2.26
WBGene00013648	Y105C5B.7	#N/A	1.23	1.82
WBGene00013649	Y105C5B.8	#N/A	1.64	2.77
WBGene00013812	Y116A8C.40	#N/A	2.32	2.21
WBGene00013826	Y116F11B.10	#N/A	2.62	2.63
WBGene00219303	Y13C8A.4	#N/A	2.40	2.72
WBGene00012160	Y35H6.3	#N/A	3.95	3.37
WBGene00012161	Y35H6.3	#N/A	3.50	3.41
WBGene00012577	Y37H9A.2	#N/A	3.62	3.75
WBGene00219413	Y38F2AL.12	#N/A	1.82	1.66
WBGene00012625	Y38H6C.13	#N/A	4.05	3.95
WBGene00012632	Y38H6C.20	#N/A	1.97	1.63
WBGene00021433	Y39A3A.2	#N/A	3.40	2.44
WBGene00012726	Y39G8B.5	#N/A	4.81	2.83
WBGene00021517	Y41D4B.15	#N/A	2.22	2.17
WBGene00012838	Y43F8C.17	#N/A	4.30	4.27
WBGene00012873	Y45F10B.9	#N/A	1.98	1.80
WBGene00012898	Y46G5A.6	#N/A	2.91	2.79
WBGene00012956	Y47H9C.14	#N/A	3.60	2.97
WBGene00012974	Y48A6C.1	#N/A	2.67	2.36
WBGene00021666	Y48G1BL.7	#N/A	1.49	1.61
WBGene00021794	Y52E8A.1	#N/A	2.26	2.82
WBGene00013163	Y53F4B.17	#N/A	4.87	4.79
WBGene00013167	Y53F4B.21	#N/A	1.49	1.93
WBGene00014920	Y53F4B.38	#N/A	4.02	3.50
WBGene00044495	Y54G2A.40	#N/A	3.52	2.76
WBGene00219425	Y54G2A.73	#N/A	3.26	3.04
WBGene00023382	Y57E12AL.3	#N/A	2.47	1.96
WBGene00013294	Y57G11B.1	#N/A	2.46	2.95
WBGene00014924	Y57G11C.28	#N/A	3.29	2.51
WBGene00022016	Y61A9LA.4	#N/A	3.74	4.59
WBGene00013507	Y71A12B.10	#N/A	2.14	1.64
WBGene00219273	Y71G12B.5	#N/A	2.36	2.57
WBGene00022212	Y73B3A.10	#N/A	2.59	2.05
WBGene00022215	Y73B3A.13	#N/A	3.28	3.66
WBGene00022204	Y73B3A.2	#N/A	2.45	2.27
WBGene00022272	Y73E7A.5	#N/A	1.99	1.60
WBGene00013537	Y73F8A.33	#N/A	3.65	3.51
WBGene00013563	Y75B8A.33	#N/A	3.16	2.85
WBGene00044155	Y7A5A.11	#N/A	1.38	1.45
WBGene00022328	Y82E9BL.12	#N/A	3.15	2.72
WBGene00022352	Y82E9BR.20	#N/A	2.56	3.00
WBGene00021172	Y8A9A.3	#N/A	3.76	4.56
WBGene00023399	ZC239.1	#N/A	3.18	2.83
WBGene00219292	ZK1320.14	#N/A	3.87	3.39
WBGene00044799	ZK686.6	#N/A	3.23	3.17
WBGene00014142	ZK899.3	#N/A	3.29	2.57
WBGene00022838	ZK993.2	#N/A	3.28	2.28